483840,3328985996,1.6107E+15,1.6107E+15,71564220,4.44306E-08,4.44306E-06,,,,,,,
2908189018,2926443356,8.51065E+18,8.51065E+18,3.79618E+11,4.46051E-08,4.46051E-06,,,,,,,
1031989883,3485856671,3.59765E+18,3.59737E+18,2.81974E+14,7.83833E-05,0.007838331,,,,,,,
1589292733,40936964,6.50613E+16,6.50608E+16,5.27769E+11,8.11193E-06,0.000811193,,,,,,,
1373079715,31363075,4.30644E+16,4.3064E+16,3.94895E+11,9.16995E-06,0.000916995,,,,,,,0.003694062
1532956854,222003226,3.40322E+17,3.40321E+17,3.9222E+11,1.1525E-06,0.00011525,,,,,,,
478906425,2031944434,9.73111E+17,9.73111E+17,2834453504,2.91277E-09,2.91277E-07,,,,,,,
1993261805,1689240265,3.36738E+18,3.3671E+18,2.82246E+14,8.38248E-05,0.008382478,,,,,,,
1325922462,2822497616,3.7427E+18,3.74241E+18,2.82079E+14,7.53735E-05,0.007537351,,,,,,,
2791617356,211315737,5.89913E+17,5.89913E+17,1.38166E+11,2.34214E-07,2.34214E-05,,,,,,,
1034199675,1524994741,1.57715E+18,1.57715E+18,3.03835E+11,1.92648E-07,1.92648E-05,,,,,,,
70814216,3383113619,2.39573E+17,2.39573E+17,7731622304,3.22726E-08,3.22726E-06,,,,,,,
527701054,672147536,3.54693E+17,3.54693E+17,42267453056,1.19166E-07,1.19166E-05,,,,,,,
248166429,3660292020,9.08362E+17,9.08362E+17,78779623424,8.67272E-08,8.67272E-06,,,,,,,
2295306513,2954462048,6.7814E+18,6.7814E+18,38560791552,5.68626E-09,5.68626E-07,,,,,,,
3513804706,3499680161,1.22975E+19,1.22972E+19,2.82088E+14,2.29393E-05,0.002293926,,,,,,,
2896378713,3265478021,9.45834E+18,9.45806E+18,2.81567E+14,2.977E-05,0.002977005,,,,,,,
1635745986,196605975,3.21598E+17,3.21597E+17,8.07533E+11,2.511E-06,0.0002511,,,,,,,
2960771424,1211019408,3.58583E+18,3.58555E+18,2.81756E+14,7.8581E-05,0.007858105,,,,,,,
3694835128,145269265,5.36746E+17,5.36746E+17,5.01652E+11,9.34616E-07,9.34616E-05,,,,,,,
524864574,2339962646,1.22845E+18,1.22816E+18,2.81736E+14,0.000229396,0.022939619,,,,,,,
3514658210,2325502229,8.17335E+18,8.17335E+18,2.4218E+11,2.96305E-08,2.96305E-06,,,,,,,
1190958221,1050082941,1.25089E+18,1.2506E+18,2.82073E+14,0.000225549,0.022554901,,,,,,,
3341276558,1414683304,4.72685E+18,4.72685E+18,2.16062E+11,4.57096E-08,4.57096E-06,,,,,,,
214182425,1473334959,3.15562E+17,3.15562E+17,33023872448,1.04651E-07,1.04651E-05,,,,,,,
1095424642,4015235550,4.39867E+18,4.39839E+18,2.81825E+14,6.40746E-05,0.006407463,,,,,,,
2216516360,2722122564,6.03363E+18,6.03363E+18,10185702400,1.68816E-09,1.68816E-07,,,,,,,
2064918774,3169773945,6.54533E+18,6.54533E+18,9.63908E+11,1.47267E-07,1.47267E-05,,,,,,,
1419817641,2653425468,3.76738E+18,3.76738E+18,43211149312,1.14698E-08,1.14698E-06,,,,,,,
3162123640,1291103897,4.08263E+18,4.08263E+18,3.5287E+11,8.64319E-08,8.64319E-06,,,,,,,
3129834869,219444762,6.86826E+17,6.86826E+17,2.32108E+11,3.37942E-07,3.37942E-05,,,,,,,
4171764209,3056807788,1.27526E+19,1.27523E+19,2.81667E+14,2.20876E-05,0.002208758,,,,,,,
2920662364,1169497739,3.41571E+18,3.41571E+18,47163765248,1.38079E-08,1.38079E-06,,,,,,,
556384322,1823630553,1.01464E+18,1.01464E+18,1.11939E+11,1.10324E-07,1.10324E-05,,,,,,,
2104121594,729374806,1.53469E+18,1.53469E+18,4.04325E+11,2.63456E-07,2.63456E-05,,,,,,,
1507322547,3517975971,5.30272E+18,5.30272E+18,41024512000,7.7365E-09,7.7365E-07,,,,,,,
3850814411,1709989067,6.58485E+18,6.58485E+18,3.16099E+11,4.80039E-08,4.80039E-06,,,,,,,
4186175987,2036048626,8.52354E+18,8.52326E+18,2.82136E+14,3.31019E-05,0.003310194,,,,,,,
1975341291,869329511,1.71722E+18,1.71722E+18,9.24505E+11,5.38372E-07,5.38372E-05,,,,,,,
56891398,3797049796,2.16019E+17,2.16019E+17,10113885184,4.68193E-08,4.68193E-06,,,,,,,
3389197716,4127042027,1.39876E+19,1.39874E+19,2.81898E+14,2.01538E-05,0.002015379,,,,,,,
2235511562,450577461,1.00727E+18,1.00727E+18,11444105984,1.13615E-08,1.13615E-06,,,,,,,
3892036559,1308160667,5.09169E+18,5.09141E+18,2.82313E+14,5.5449E-05,0.005544899,,,,,,,
106493964,2414021919,2.57079E+17,2.57079E+17,2708758080,1.05367E-08,1.05367E-06,,,,,,,
3401973653,1817502936,6.18338E+18,6.1831E+18,2.82043E+14,4.56152E-05,0.004561517,,,,,,,
4078817766,28848131,1.17666E+17,1.17666E+17,1.85531E+11,1.57676E-06,0.000157676,,,,,,,
3917942739,3939195861,1.54338E+19,1.54335E+19,2.818E+14,1.82589E-05,0.001825894,,,,,,,
2978933603,1518792373,4.52466E+18,4.52438E+18,2.81867E+14,6.22997E-05,0.006229966,,,,,,,
1152843401,1310322844,1.51088E+18,1.5106E+18,2.82024E+14,0.000186697,0.018669703,,,,,,,
3396219284,3801433029,1.29108E+19,1.29105E+19,2.81643E+14,2.18151E-05,0.002181505,,,,,,,
1177327756,194904087,2.29466E+17,2.29466E+17,211088224,9.19911E-10,9.19911E-08,,,,,,,
1395282086,239003164,3.33477E+17,3.33477E+17,6.41134E+11,1.92258E-06,0.000192258,,,,,,,
2146003199,2930813789,6.28954E+18,6.28954E+18,7.3454E+11,1.16788E-07,1.16788E-05,,,,,,,
2223682825,3786496963,8.41997E+18,8.41997E+18,13926709248,1.65401E-09,1.65401E-07,,,,,,,
363182635,2042808051,7.42194E+17,7.41912E+17,2.81615E+14,0.00037958,0.037958025,,,,,,,
706447956,2791823692,1.97228E+18,1.97228E+18,3.0737E+11,1.55845E-07,1.55845E-05,,,,,,,
1562156218,2671309630,4.17329E+18,4.173E+18,2.8223E+14,6.76324E-05,0.006763235,,,,,,,
1448721580,1852267228,2.68342E+18,2.68342E+18,2.62276E+11,9.77393E-08,9.77393E-06,,,,,,,
18339842,3993471964,7.32397E+16,7.32396E+16,5838119904,7.97126E-08,7.97126E-06,,,,,,,
2275342095,2704973634,6.15502E+18,6.15474E+18,2.81512E+14,4.5739E-05,0.004573903,,,,,,,
3007053158,2383325980,7.16707E+18,7.16679E+18,2.81765E+14,3.93154E-05,0.003931537,,,,,,,
701342803,2393776413,1.67886E+18,1.67886E+18,46378524416,2.7625E-08,2.7625E-06,,,,,,,
949244529,674639440,6.40398E+17,6.40398E+17,88084282240,1.37546E-07,1.37546E-05,,,,,,,
549254209,3276545414,1.79966E+18,1.79966E+18,32266742528,1.79294E-08,1.79294E-06,,,,,,,
1558112441,2521412396,3.92893E+18,3.92864E+18,2.82028E+14,7.17877E-05,0.007178766,,,,,,,
3345273742,2593689397,8.6766E+18,8.6766E+18,3.42258E+11,3.94461E-08,3.94461E-06,,,,,,,
412649009,4136931821,1.7071E+18,1.7071E+18,1.21036E+11,7.09017E-08,7.09017E-06,,,,,,,
2412373791,1259156118,3.03756E+18,3.03756E+18,26598486528,8.75654E-09,8.75654E-07,,,,,,,
4123573739,3208505726,1.32311E+19,1.32305E+19,5.63867E+14,4.26187E-05,0.004261866,,,,,,,
799645791,1742045903,1.39302E+18,1.39302E+18,2.09579E+11,1.50449E-07,1.50449E-05,,,,,,,
2140002047,761565786,1.62975E+18,1.62975E+18,6.27201E+11,3.84844E-07,3.84844E-05,,,,,,,
98970635,2487926568,2.46232E+17,2.46232E+17,36369041312,1.47703E-07,1.47703E-05,,,,,,,
1214832272,737881175,8.96402E+17,8.96402E+17,1.07455E+11,1.19874E-07,1.19874E-05,,,,,,,
615674953,3845119946,2.36734E+18,2.36734E+18,2.75157E+11,1.1623E-07,1.1623E-05,,,,,,,
3544818086,2388923164,8.4683E+18,8.4683E+18,53236175872,6.28653E-09,6.28653E-07,,,,,,,
746464344,732799575,5.47009E+17,5.47009E+17,2.41033E+11,4.40638E-07,4.40638E-05,,,,,,,
1801104086,986538101,1.77686E+18,1.77686E+18,3.46576E+11,1.9505E-07,1.9505E-05,,,,,,,
3819023303,638485068,2.43839E+18,2.43839E+18,4.36102E+11,1.78848E-07,1.78848E-05,,,,,,,
3062712173,2689397568,8.23685E+18,8.23685E+18,4.45114E+11,5.40393E-08,5.40393E-06,,,,,,,
919219821,1379581092,1.26814E+18,1.26814E+18,3.46111E+11,2.72928E-07,2.72928E-05,,,,,,,
2397405469,2495374633,5.98242E+18,5.98242E+18,49487372288,8.27213E-09,8.27213E-07,,,,,,,
237347356,3723775419,8.83828E+17,8.83828E+17,36585895808,4.13948E-08,4.13948E-06,,,,,,,
1854285533,1985286380,3.68129E+18,3.68129E+18,62742679552,1.70437E-08,1.70437E-06,,,,,,,
592358982,4040355297,2.39362E+18,2.39334E+18,2.8175E+14,0.000117723,0.011772264,,,,,,,
2054996724,755766874,1.5531E+18,1.5531E+18,91514969088,5.89241E-08,5.89241E-06,,,,,,,
3287859079,1275075736,4.19227E+18,4.19227E+18,64833243136,1.5465E-08,1.5465E-06,,,,,,,
4165837808,1739476687,7.24638E+18,7.24638E+18,3.17341E+11,4.37931E-08,4.37931E-06,,,,,,,
761003610,4222817783,3.21358E+18,3.21358E+18,33166403584,1.03207E-08,1.03207E-06,,,,,,,
3124744564,817649249,2.55495E+18,2.55495E+18,1.68122E+11,6.58027E-08,6.58027E-06,,,,,,,
3965803992,2523714860,1.00088E+19,1.00086E+19,2.82249E+14,2.82007E-05,0.002820072,,,,,,,
3462994332,3070659438,1.0634E+19,1.06337E+19,2.81841E+14,2.65046E-05,0.002650457,,,,,,,
1854833373,1173623947,2.17688E+18,2.17688E+18,76171846656,3.49913E-08,3.49913E-06,,,,,,,
2088372472,3859351500,8.05976E+18,8.05976E+18,32444802048,4.02553E-09,4.02553E-07,,,,,,,
2947669855,2517717804,7.4214E+18,7.4214E+18,1.32578E+11,1.78643E-08,1.78643E-06,,,,,,,
1581902524,705144404,1.11575E+18,1.11547E+18,2.81997E+14,0.000252805,0.02528053,,,,,,,
2957941600,3305819018,9.7787E+18,9.77842E+18,2.81804E+14,2.8819E-05,0.002881897,,,,,,,
522373694,2078934775,1.08598E+18,1.08598E+18,7262521088,6.68752E-09,6.68752E-07,,,,,,,
550019649,299923491,1.64964E+17,1.64964E+17,1.31078E+11,7.94584E-07,7.94584E-05,,,,,,,
768439899,2430042401,1.86734E+18,1.86734E+18,1.98216E+11,1.06149E-07,1.06149E-05,,,,,,,
1834001626,1145575560,2.10099E+18,2.10099E+18,89791599360,4.27378E-08,4.27378E-06,,,,,,,
1834842330,3381867923,6.20519E+18,6.20519E+18,1.96214E+11,3.16209E-08,3.16209E-06,,,,,,,
378538541,1785275604,6.75796E+17,6.75796E+17,28076504192,4.15459E-08,4.15459E-06,,,,,,,
2965183841,1033370235,3.06413E+18,3.06413E+18,4.07707E+11,1.33058E-07,1.33058E-05,,,,,,,
51707910,2287525136,1.18283E+17,1.18283E+17,23393373248,1.97774E-07,1.97774E-05,,,,,,,
2365157657,4260655611,1.00774E+19,1.00771E+19,2.81523E+14,2.79368E-05,0.002793685,,,,,,,
897479786,3042326890,2.73043E+18,2.73043E+18,1.02171E+11,3.74195E-08,3.74195E-06,,,,,,,
3461235100,1810297559,6.26587E+18,6.26587E+18,6.35851E+11,1.01479E-07,1.01479E-05,,,,,,,
325586982,3804624837,1.23874E+18,1.23874E+18,1.58232E+11,1.27736E-07,1.27736E-05,,,,,,,
2616333623,1060740222,2.77525E+18,2.77525E+18,1.45541E+11,5.24426E-08,5.24426E-06,,,,,,,
689324626,1223595153,8.43454E+17,8.43454E+17,2.05462E+11,2.43596E-07,2.43596E-05,,,,,,,
379730989,2556316464,9.70713E+17,9.70713E+17,56848728064,5.85639E-08,5.85639E-06,,,,,,,
367146027,896813674,3.29262E+17,3.29262E+17,53768255808,1.633E-07,1.633E-05,,,,,,,
4260283899,977967220,4.16642E+18,4.16642E+18,6.43125E+11,1.54359E-07,1.54359E-05,,,,,,,
224776730,3080000879,6.92313E+17,6.92313E+17,9350467328,1.35061E-08,1.35061E-06,,,,,,,
2823189840,3356746128,9.47701E+18,9.47673E+18,2.81778E+14,2.97337E-05,0.002973367,,,,,,,
426232370,1713681100,7.30708E+17,7.30426E+17,2.81622E+14,0.000385558,0.038555842,,,,,,,
1505943219,2722841412,4.10044E+18,4.10044E+18,2.02021E+11,4.9268E-08,4.9268E-06,,,,,,,
143099409,994614902,1.42329E+17,1.42329E+17,46285994096,3.25205E-07,3.25205E-05,,,,,,,
3316926859,3222902656,1.06904E+19,1.06901E+19,2.81829E+14,2.63635E-05,0.00263635,,,,,,,
3047764843,1106514563,3.3724E+18,3.3724E+18,33252061184,9.86007E-09,9.86007E-07,,,,,,,
1189986957,2686155584,3.19649E+18,3.19649E+18,2.91638E+11,9.1237E-08,9.1237E-06,,,,,,,
337755176,2435059490,8.22454E+17,8.22454E+17,10173193728,1.23693E-08,1.23693E-06,,,,,,,
449910325,754797145,3.39591E+17,3.39591E+17,66192511872,1.94918E-07,1.94918E-05,,,,,,,
748867673,3504032673,2.62406E+18,2.62406E+18,1.12998E+11,4.30622E-08,4.30622E-06,,,,,,,
2870661974,836182627,2.4004E+18,2.4004E+18,49900114432,2.07883E-08,2.07883E-06,,,,,,,
4142323693,1155417225,4.78611E+18,4.78611E+18,2.7251E+11,5.69376E-08,5.69376E-06,,,,,,,
2993570148,3125337972,9.3562E+18,9.35592E+18,2.81851E+14,3.01254E-05,0.003012542,,,,,,,
3156017016,422524978,1.3335E+18,1.3335E+18,1.13203E+11,8.48916E-08,8.48916E-06,,,,,,,
3349245327,2052462836,6.8742E+18,6.8742E+18,59933322240,8.71859E-09,8.71859E-07,,,,,,,
1846883036,1816797912,3.35541E+18,3.35541E+18,1.28896E+11,3.84142E-08,3.84142E-06,,,,,,,
2613650743,436351028,1.14047E+18,1.14047E+18,44748076288,3.92365E-08,3.92365E-06,,,,,,,
522985534,1394654886,7.29385E+17,7.29384E+17,1.99403E+11,2.73385E-07,2.73385E-05,,,,,,,
4144296942,11288065,4.67813E+16,4.67811E+16,2.47593E+11,5.29259E-06,0.000529259,,,,,,,
2264347405,3537274789,8.00962E+18,8.00962E+18,30663097344,3.82828E-09,3.82828E-07,,,,,,,
1074472064,4230685688,4.54575E+18,4.54575E+18,77509810176,1.7051E-08,1.7051E-06,,,,,,,
1068537471,2352790296,2.51404E+18,2.51404E+18,3.99794E+11,1.59024E-07,1.59024E-05,,,,,,,
443860020,3752424895,1.66555E+18,1.66555E+18,1.02995E+11,6.18381E-08,6.18381E-06,,,,,,,
677590096,2500743978,1.69448E+18,1.69448E+18,1.11637E+11,6.5883E-08,6.5883E-06,,,,,,,
1741266639,4131492844,7.19403E+18,7.19403E+18,5.14783E+11,7.15569E-08,7.15569E-06,,,,,,,
399949359,3136032117,1.25425E+18,1.25425E+18,10679247104,8.51442E-09,8.51442E-07,,,,,,,
3075228014,3847854538,1.18333E+19,1.1833E+19,2.8176E+14,2.38113E-05,0.002381131,,,,,,,
3426458520,739796056,2.53488E+18,2.53488E+18,2.56155E+11,1.01052E-07,1.01052E-05,,,,,,,
4035311073,1522492085,6.14373E+18,6.14373E+18,3.72891E+11,6.06946E-08,6.06946E-06,,,,,,,
3281451399,1106482819,3.63115E+18,3.63087E+18,2.81813E+14,7.76158E-05,0.007761575,,,,,,,
3297953673,2726595397,8.99219E+18,8.99219E+18,3.21261E+11,3.57267E-08,3.57267E-06,,,,,,,
1760478417,3912736722,6.88829E+18,6.88829E+18,5.61469E+11,8.15107E-08,8.15107E-06,,,,,,,
841843812,10121217,8.52067E+15,8.52048E+15,1.88177E+11,2.20852E-05,0.002208524,,,,,,,
3258296196,3824433607,1.24614E+19,1.24611E+19,2.81603E+14,2.25985E-05,0.00225985,,,,,,,
679196752,1781411028,1.20993E+18,1.20993E+18,60506098944,5.0008E-08,5.0008E-06,,,,,,,
2331447061,3779781058,8.81236E+18,8.81236E+18,79810808832,9.05669E-09,9.05669E-07,,,,,,,
345615913,4207190005,1.45407E+18,1.45407E+18,1.11102E+11,7.64076E-08,7.64076E-06,,,,,,,
1740843215,652922957,1.13664E+18,1.13664E+18,7.24467E+11,6.37378E-07,6.37378E-05,,,,,,,
3857085899,1091985026,4.21188E+18,4.21188E+18,3.21888E+11,7.64239E-08,7.64239E-06,,,,,,,
2656755516,1213008016,3.22267E+18,3.22267E+18,8690463744,2.69667E-09,2.69667E-07,,,,,,,
3574585258,1068223103,3.81874E+18,3.81845E+18,2.82049E+14,7.38648E-05,0.00738648,,,,,,,
2124143869,665862223,1.41439E+18,1.41439E+18,2.72962E+11,1.9299E-07,1.9299E-05,,,,,,,
4192099827,3174629242,1.33086E+19,1.33084E+19,2.82517E+14,2.12285E-05,0.00212285,,,,,,,
1747750608,1020589689,1.78402E+18,1.78374E+18,2.82331E+14,0.000158281,0.015828072,,,,,,,
2076268279,1085920897,2.25466E+18,2.25466E+18,8.89979E+11,3.94728E-07,3.94728E-05,,,,,,,
417866289,3715721146,1.55267E+18,1.55267E+18,85543552768,5.50943E-08,5.50943E-06,,,,,,,
3910848978,3578654122,1.39961E+19,1.39956E+19,5.63783E+14,4.0283E-05,0.004028297,,,,,,,
2953479520,60132359,1.776E+17,1.776E+17,2.26667E+11,1.27628E-06,0.000127628,,,,,,,
21729794,1909760227,4.14987E+16,4.14987E+16,6741650960,1.62455E-07,1.62455E-05,,,,,,,
2451332388,3445040026,8.44494E+18,8.44494E+18,21775247360,2.5785E-09,2.5785E-07,,,,,,,
4252971002,2689141568,1.14371E+19,1.14368E+19,2.81522E+14,2.46154E-05,0.002461538,,,,,,,
429857843,3000871269,1.28995E+18,1.28995E+18,1.46348E+11,1.13453E-07,1.13453E-05,,,,,,,
607644232,3235777409,1.9662E+18,1.9662E+18,13967335168,7.10372E-09,7.10372E-07,,,,,,,
3229150080,766924891,2.47652E+18,2.47652E+18,1.89806E+11,7.66425E-08,7.66425E-06,,,,,,,
865785447,81410057,7.04837E+16,7.04836E+16,96897626120,1.37475E-06,0.000137475,,,,,,,
773895772,1310207132,1.01396E+18,1.01396E+18,69193684096,6.82408E-08,6.82408E-06,,,,,,,
4001086940,4248040442,1.69973E+19,1.69968E+19,5.63846E+14,3.31737E-05,0.003317372,,,,,,,
1451895469,2044715763,2.96871E+18,2.96871E+18,6.58987E+11,2.21977E-07,2.21977E-05,,,,,,,
3626576816,1491948721,5.41067E+18,5.41067E+18,2.50077E+11,4.62193E-08,4.62193E-06,,,,,,,
2513548587,1363932834,3.42859E+18,3.42831E+18,2.81649E+14,8.21538E-05,0.008215382,,,,,,,
3942149077,791689822,3.12096E+18,3.12096E+18,2.08659E+11,6.68572E-08,6.68572E-06,,,,,,,
1957199593,1970840810,3.85733E+18,3.85733E+18,6.45998E+11,1.67473E-07,1.67473E-05,,,,,,,
3583084971,4046077922,1.44977E+19,1.44974E+19,2.81658E+14,1.94281E-05,0.001942814,,,,,,,
2172679427,2895898969,6.29186E+18,6.29186E+18,12080389120,1.92E-09,1.92E-07,,,,,,,
184242709,3752378815,6.91349E+17,6.91348E+17,69337864192,1.00294E-07,1.00294E-05,,,,,,,
1786266836,2684452672,4.79515E+18,4.79515E+18,4.52609E+11,9.43889E-08,9.43889E-06,,,,,,,
2976338786,2692012352,8.01234E+18,8.01234E+18,3.58331E+11,4.47223E-08,4.47223E-06,,,,,,,
1141332104,801563231,9.1485E+17,9.1485E+17,5.16789E+11,5.64889E-07,5.64889E-05,,,,,,,
1002296951,1332700830,1.33576E+18,1.33576E+18,2.0516E+11,1.53591E-07,1.53591E-05,,,,,,,
2825510224,408374832,1.15387E+18,1.15387E+18,1.04958E+11,9.09617E-08,9.09617E-06,,,,,,,
971630707,661455438,6.4269E+17,6.4269E+17,4463391360,6.94485E-09,6.94485E-07,,,,,,,
466402871,1705492683,7.95728E+17,7.95447E+17,2.8165E+14,0.000354077,0.035407735,,,,,,,
2883933527,2664565565,7.68443E+18,7.68443E+18,16487482368,2.14557E-09,2.14557E-07,,,,,,,
3778652610,4029872096,1.52281E+19,1.52275E+19,5.63753E+14,3.7022E-05,0.003702204,,,,,,,
3817122247,2481888039,9.47395E+18,9.47367E+18,2.81994E+14,2.97661E-05,0.002976609,,,,,,,
742590552,3753208255,2.7871E+18,2.7871E+18,1.5646E+11,5.61374E-08,5.61374E-06,,,,,,,
3238211458,3843723210,1.24471E+19,1.24468E+19,2.8179E+14,2.26395E-05,0.002263955,,,,,,,
1534068918,4020852191,6.16826E+18,6.16826E+18,2.62204E+11,4.25085E-08,4.25085E-06,,,,,,,
3595498412,2425454881,8.72072E+18,8.72072E+18,3.73694E+11,4.28513E-08,4.28513E-06,,,,,,,
2808649038,4051875811,1.13806E+19,1.13803E+19,2.81717E+14,2.47548E-05,0.00247548,,,,,,,
3172254586,940494960,2.98377E+18,2.98349E+18,2.81898E+14,9.44861E-05,0.009448613,,,,,,,
1927371493,3366668689,6.48882E+18,6.48882E+18,2.82708E+11,4.35684E-08,4.35684E-06,,,,,,,
2878089559,2754189128,7.9268E+18,7.9268E+18,2.219E+11,2.79937E-08,2.79937E-06,,,,,,,
659014734,3695086520,2.43512E+18,2.43512E+18,1.83982E+11,7.55535E-08,7.55535E-06,,,,,,,
335770152,2742072134,9.20706E+17,9.20706E+17,1.21666E+11,1.32144E-07,1.32144E-05,,,,,,,
1244528276,3129324917,3.89482E+18,3.89453E+18,2.81923E+14,7.23893E-05,0.007238931,,,,,,,
3677071798,1632025794,6.00108E+18,6.00108E+18,5.77499E+11,9.62327E-08,9.62327E-06,,,,,,,
930543214,1781778132,1.6583E+18,1.65802E+18,2.81839E+14,0.000169985,0.016998495,,,,,,,
1898224866,276697632,5.25234E+17,5.25234E+17,68740447680,1.30876E-07,1.30876E-05,,,,,,,
2890028888,2774628682,8.01876E+18,8.01876E+18,1.79135E+11,2.23395E-08,2.23395E-06,,,,,,,
3645429170,2243219723,8.17778E+18,8.1775E+18,2.82096E+14,3.44966E-05,0.003449661,,,,,,,
244878365,4199107060,1.02827E+18,1.02827E+18,36048703104,3.50576E-08,3.50576E-06,,,,,,,
1824104665,493932602,9.01267E+17,9.00985E+17,2.8223E+14,0.000313246,0.031324595,,,,,,,
500613691,2378396443,1.19066E+18,1.19066E+18,1.14222E+11,9.59315E-08,9.59315E-06,,,,,,,
3819638215,167490067,6.39752E+17,6.39751E+17,5.9588E+11,9.31425E-07,9.31425E-05,,,,,,,
2010834159,4219597815,8.48519E+18,8.48491E+18,2.82449E+14,3.32884E-05,0.003328841,,,,,,,
4050641890,3841905097,1.55627E+19,1.55622E+19,5.63742E+14,3.62251E-05,0.003622514,,,,,,,
519020605,2416739616,1.25434E+18,1.25434E+18,1.37314E+11,1.09471E-07,1.09471E-05,,,,,,,
2135273214,551502913,1.17761E+18,1.17761E+18,2.90854E+11,2.46987E-07,2.46987E-05,,,,,,,
3967312344,3632047024,1.44097E+19,1.44095E+19,2.82069E+14,1.95753E-05,0.001957529,,,,,,,
1373682851,3050958187,4.19133E+18,4.19105E+18,2.8212E+14,6.7315E-05,0.006731496,,,,,,,
2623361848,1140427911,2.99176E+18,2.99176E+18,1.33172E+11,4.4513E-08,4.4513E-06,,,,,,,
2780306251,652174925,1.81325E+18,1.81325E+18,1.29008E+11,7.11474E-08,7.11474E-06,,,,,,,
3711393722,1391737509,5.16529E+18,5.16529E+18,1.8309E+11,3.54463E-08,3.54463E-06,,,,,,,
236032540,3123710836,7.37297E+17,7.37297E+17,5465094656,7.41233E-09,7.41233E-07,,,,,,,
2436642594,2418240800,5.89239E+18,5.89239E+18,62583293952,1.0621E-08,1.0621E-06,,,,,,,
2731389765,2176317187,5.94465E+18,5.94437E+18,2.81757E+14,4.73989E-05,0.004739895,,,,,,,
736772183,1329568414,9.79589E+17,9.79589E+17,2.2684E+11,2.31567E-07,2.31567E-05,,,,,,,
1223935121,2401961246,2.93984E+18,2.93984E+18,12448429056,4.23438E-09,4.23438E-07,,,,,,,
3631525296,3984524250,1.44702E+19,1.44699E+19,2.81486E+14,1.94532E-05,0.001945323,,,,,,,
2717766979,1877005535,5.10155E+18,5.10126E+18,2.81711E+14,5.52238E-05,0.005522378,,,,,,,
3572459433,265396255,9.48118E+17,9.48117E+17,4.55335E+11,4.80251E-07,4.80251E-05,,,,,,,
3991187931,3429941656,1.36901E+19,1.36895E+19,5.63658E+14,4.11744E-05,0.004117435,,,,,,,
775624284,450702901,3.49576E+17,3.49576E+17,71605900160,2.04836E-07,2.04836E-05,,,,,,,
3958105047,3356353424,1.32854E+19,1.32848E+19,5.63767E+14,4.2437E-05,0.004243698,,,,,,,
3367054737,3770232257,1.26949E+19,1.26946E+19,2.81587E+14,2.21816E-05,0.002218164,,,,,,,
2251143436,2074286327,4.66952E+18,4.66952E+18,5094230016,1.09095E-09,1.09095E-07,,,,,,,
1636816067,1080742528,1.76926E+18,1.76898E+18,2.8216E+14,0.000159505,0.015950488,,,,,,,
3555147175,2830041425,1.00615E+19,1.00612E+19,2.81479E+14,2.79766E-05,0.002797661,,,,,,,
4112906730,857808998,3.52809E+18,3.52809E+18,1.2746E+11,3.61271E-08,3.61271E-06,,,,,,,
3196337021,2145383167,6.85737E+18,6.85737E+18,5.09877E+11,7.43547E-08,7.43547E-06,,,,,,,
3049211243,2201014022,6.71136E+18,6.71136E+18,3.72726E+11,5.55365E-08,5.55365E-06,,,,,,,
1433092266,393219118,5.63519E+17,5.63519E+17,34805703616,6.17649E-08,6.17649E-06,,,,,,,
2135958782,684743249,1.46258E+18,1.46258E+18,3.84954E+11,2.63201E-07,2.63201E-05,,,,,,,
2626263353,3980470746,1.0454E+19,1.04538E+19,2.81515E+14,2.69296E-05,0.002692957,,,,,,,
1944176359,143917073,2.798E+17,2.798E+17,257355776,9.19784E-10,9.19784E-08,,,,,,,
1637830339,2428036897,3.97671E+18,3.97671E+18,7.56426E+11,1.90214E-07,1.90214E-05,,,,,,,
750655065,2410265887,1.80928E+18,1.80928E+18,2.83527E+11,1.56707E-07,1.56707E-05,,,,,,,
1682649288,1348247712,2.26863E+18,2.26863E+18,5.40307E+11,2.38165E-07,2.38165E-05,,,,,,,
2891693400,1775586003,5.13445E+18,5.13445E+18,1.10557E+11,2.15323E-08,2.15323E-06,,,,,,,
3705063865,2267902222,8.40272E+18,8.40272E+18,3.51161E+11,4.17913E-08,4.17913E-06,,,,,,,
4245302266,1294738586,5.49656E+18,5.49656E+18,1.53789E+11,2.79791E-08,2.79791E-06,,,,,,,
767714395,3854841291,2.95942E+18,2.95942E+18,82398855680,2.78429E-08,2.78429E-06,,,,,,,
677217872,2542897967,1.7221E+18,1.7221E+18,1.87965E+11,1.09149E-07,1.09149E-05,,,,,,,
1276185752,3542976934,4.5215E+18,4.5215E+18,3.52163E+11,7.78864E-08,7.78864E-06,,,,,,,
4082811366,972190835,3.96927E+18,3.96927E+18,4.49612E+11,1.13273E-07,1.13273E-05,,,,,,,
710185556,3246771075,2.30581E+18,2.30581E+18,2.87947E+11,1.24879E-07,1.24879E-05,,,,,,,
2338554646,759275610,1.77561E+18,1.77561E+18,60527135744,3.40881E-08,3.40881E-06,,,,,,,
846822500,307564580,2.60453E+17,2.60453E+17,27080110016,1.03973E-07,1.03973E-05,,,,,,,
266484255,1832094938,4.88225E+17,4.88224E+17,74400246784,1.52389E-07,1.52389E-05,,,,,,,
2589137716,3869982157,1.00202E+19,1.00199E+19,2.81529E+14,2.80969E-05,0.002809694,,,,,,,
2763395913,884633705,2.44459E+18,2.44459E+18,1.3794E+11,5.64268E-08,5.64268E-06,,,,,,,
518486077,4143704557,2.14845E+18,2.14845E+18,2.39735E+11,1.11585E-07,1.11585E-05,,,,,,,
2036266738,4165093872,8.48124E+18,8.48124E+18,3.00256E+11,3.54024E-08,3.54024E-06,,,,,,,
1920688356,1320841373,2.53693E+18,2.53692E+18,4.31035E+11,1.69905E-07,1.69905E-05,,,,,,,
4041840097,1504498867,6.08094E+18,6.08094E+18,8.03979E+11,1.32213E-07,1.32213E-05,,,,,,,
1767792338,2276847375,4.02499E+18,4.02499E+18,8.42527E+11,2.09324E-07,2.09324E-05,,,,,,,
3600504749,302878244,1.09051E+18,1.09051E+18,4.13642E+11,3.79309E-07,3.79309E-05,,,,,,,
2977349474,3778363842,1.12498E+19,1.12495E+19,2.81583E+14,2.50307E-05,0.00250307,,,,,,,
1264478358,2368057626,2.99436E+18,2.99436E+18,4.47026E+11,1.4929E-07,1.4929E-05,,,,,,,
2693631809,1322451613,3.5622E+18,3.5622E+18,2871022080,8.05969E-10,8.05969E-08,,,,,,,
3622681007,2996845413,1.08569E+19,1.08566E+19,2.81649E+14,2.59427E-05,0.002594266,,,,,,,
1700436170,1528402102,2.59895E+18,2.59895E+18,4.91497E+11,1.89113E-07,1.89113E-05,,,,,,,
3485528479,420340786,1.46539E+18,1.46511E+18,2.8208E+14,0.000192531,0.019253142,,,,,,,
2807065422,2044659443,5.73949E+18,5.73949E+18,9111650304,1.58754E-09,1.58754E-07,,,,,,,
4038623201,2661363005,1.07485E+19,1.07482E+19,2.81646E+14,2.62039E-05,0.002620392,,,,,,,
1630031554,643907660,1.04959E+18,1.04959E+18,2.09269E+11,1.99382E-07,1.99382E-05,,,,,,,
3951660503,598363719,2.36453E+18,2.36453E+18,2.82367E+11,1.19418E-07,1.19418E-05,,,,,,,
2184073476,3911310290,8.54259E+18,8.54259E+18,15896752128,1.86088E-09,1.86088E-07,,,,,,,
1089078913,3805497285,4.14449E+18,4.14449E+18,1.5533E+11,3.74787E-08,3.74787E-06,,,,,,,
2722971460,562179651,1.5308E+18,1.5308E+18,53062179584,3.46631E-08,3.46631E-06,,,,,,,
2675743550,2736509254,7.3222E+18,7.3222E+18,2.18754E+11,2.98755E-08,2.98755E-06,,,,,,,
3571098537,790584414,2.82326E+18,2.82325E+18,2.61956E+11,9.27853E-08,9.27853E-06,,,,,,,
2927407964,3214239615,9.40967E+18,9.40939E+18,2.81635E+14,2.99313E-05,0.002993127,,,,,,,
1713556172,1458453677,2.49914E+18,2.49914E+18,2.07735E+11,8.31227E-08,8.31227E-06,,,,,,,
4046093282,3235858817,1.30929E+19,1.30926E+19,2.81754E+14,2.15201E-05,0.00215201,,,,,,,
263503903,2149018880,5.66275E+17,5.66275E+17,57024886336,1.00702E-07,1.00702E-05,,,,,,,
787931229,73559560,5.796E+16,5.79599E+16,1.71963E+11,2.96692E-06,0.000296692,,,,,,,
4016984542,2761115977,1.10916E+19,1.10914E+19,2.81748E+14,2.54025E-05,0.002540247,,,,,,,
2356121368,2907543386,6.85053E+18,6.85053E+18,62032087040,9.05508E-09,9.05508E-07,,,,,,,
1296566426,2441473315,3.16553E+18,3.16553E+18,6.13015E+11,1.93653E-07,1.93653E-05,,,,,,,
1089139329,3679534518,4.00753E+18,4.00753E+18,1.33629E+11,3.33445E-08,3.33445E-06,,,,,,,
4225840119,1398486182,5.90978E+18,5.90978E+18,2.18444E+11,3.69632E-08,3.69632E-06,,,,,,,
2499032873,3810237894,9.52219E+18,9.52191E+18,2.81585E+14,2.95723E-05,0.002957229,,,,,,,
3754679231,1772272851,6.6546E+18,6.65432E+18,2.82077E+14,4.23901E-05,0.004239007,,,,,,,
2507622186,76853769,1.9272E+17,1.9272E+17,1.26809E+11,6.57993E-07,6.57993E-05,,,,,,,
3919106003,2662063933,1.04335E+19,1.04329E+19,5.63737E+14,5.40345E-05,0.005403449,,,,,,,
2813120847,3671735221,1.03293E+19,1.0329E+19,2.81554E+14,2.72585E-05,0.002725852,,,,,,,
2393086237,518109757,1.23988E+18,1.23988E+18,91768725504,7.40141E-08,7.40141E-06,,,,,,,
3922083795,2180755715,8.55311E+18,8.55311E+18,6.27953E+11,7.34181E-08,7.34181E-06,,,,,,,
2359199513,736569431,1.73771E+18,1.73771E+18,17255102976,9.92977E-09,9.92977E-07,,,,,,,
207207960,779505244,1.6152E+17,1.6152E+17,31568208768,1.95445E-07,1.95445E-05,,,,,,,
2212406023,2272446222,5.02757E+18,5.02757E+18,24467295232,4.86662E-09,4.86662E-07,,,,,,,
277755937,2993754980,8.31533E+17,8.31533E+17,10753244672,1.29318E-08,1.29318E-06,,,,,,,
3026696552,1911222499,5.78497E+18,5.78469E+18,2.81891E+14,4.87306E-05,0.004873057,,,,,,,
386358830,750303833,2.89887E+17,2.89887E+17,1.4497E+11,5.00092E-07,5.00092E-05,,,,,,,
3921171923,3636577201,1.42599E+19,1.42596E+19,2.82169E+14,1.97879E-05,0.001978793,,,,,,,
730961495,3715874746,2.71616E+18,2.71616E+18,2.80921E+11,1.03426E-07,1.03426E-05,,,,,,,
1633010882,277944353,4.53886E+17,4.53886E+17,78601236672,1.73174E-07,1.73174E-05,,,,,,,
3113095539,3703987641,1.15311E+19,1.15309E+19,2.81656E+14,2.44263E-05,0.002442625,,,,,,,
941102192,922127981,8.67817E+17,8.67817E+17,2.68713E+11,3.09642E-07,3.09642E-05,,,,,,,
354334250,784240733,2.77883E+17,2.77883E+17,1.02797E+11,3.69929E-07,3.69929E-05,,,,,,,
2855669588,405765680,1.15873E+18,1.15873E+18,1.77849E+11,1.53486E-07,1.53486E-05,,,,,,,
1158821514,1906316515,2.20908E+18,2.20908E+18,48358466304,2.18908E-08,2.18908E-06,,,,,,,
839990884,880085096,7.39263E+17,7.39263E+17,14171550208,1.91698E-08,1.91698E-06,,,,,,,
4186962931,561539138,2.35114E+18,2.35114E+18,4.25374E+11,1.80922E-07,1.80922E-05,,,,,,,
1371664547,1092093058,1.49799E+18,1.49799E+18,12331515136,8.23207E-09,8.23207E-07,,,,,,,
1535389879,765642331,1.17556E+18,1.17556E+18,6.10079E+11,5.18969E-07,5.18969E-05,,,,,,,
2472751910,1096618114,2.71166E+18,2.71166E+18,10528392192,3.88263E-09,3.88263E-07,,,,,,,
550224449,1543776440,8.49424E+17,8.49424E+17,44743889536,5.26756E-08,5.26756E-06,,,,,,,
203345432,320374822,6.51468E+16,6.51468E+16,55961712696,8.5901E-07,8.5901E-05,,,,,,,
287333410,3053931884,8.77497E+17,8.77497E+17,44231143552,5.04061E-08,5.04061E-06,,,,,,,
1845056219,185239574,3.41778E+17,3.41777E+17,5.01142E+11,1.46628E-06,0.000146628,,,,,,,
3888409551,4216893430,1.63973E+19,1.6397E+19,2.82087E+14,1.72036E-05,0.001720359,,,,,,,
1952319720,4244303353,8.28624E+18,8.28624E+18,9.26586E+11,1.11822E-07,1.11822E-05,,,,,,,
1039080059,3596782508,3.73735E+18,3.73734E+18,2.89368E+11,7.74262E-08,7.74262E-06,,,,,,,
929758830,3415560599,3.17565E+18,3.17565E+18,1.50576E+11,4.74157E-08,4.74157E-06,,,,,,,
3925367251,1317592221,5.17203E+18,5.17203E+18,7.82103E+11,1.51218E-07,1.51218E-05,,,,,,,
2986147171,1543835320,4.61012E+18,4.61012E+18,24467879936,5.30743E-09,5.30743E-07,,,,,,,
4282699262,3022348648,1.29441E+19,1.29438E+19,2.8189E+14,2.1778E-05,0.0021778,,,,,,,
2256245516,2303805202,5.19795E+18,5.19795E+18,14324965376,2.75589E-09,2.75589E-07,,,,,,,
1525802677,37982212,5.82353E+16,5.79534E+16,2.81909E+14,0.004864413,0.486441293,,,,,,,
3462729116,1937297638,6.70834E+18,6.70834E+18,5.47805E+11,8.16603E-08,8.16603E-06,,,,,,,
1765921490,1914481892,3.38111E+18,3.38082E+18,2.82081E+14,8.34356E-05,0.008343562,,,,,,,
2157606145,1179536012,2.54497E+18,2.54497E+18,1339006464,5.26138E-10,5.26138E-08,,,,,,,
2412215071,3159600504,7.62164E+18,7.62164E+18,91628144640,1.20221E-08,1.20221E-06,,,,,,,
3127613300,1410601128,4.41181E+18,4.41181E+18,32420687872,7.34861E-09,7.34861E-07,,,,,,,
1750239952,1139888263,1.99508E+18,1.99508E+18,2.81013E+11,1.40853E-07,1.40853E-05,,,,,,,
4150460910,534265407,2.21745E+18,2.21745E+18,2.4856E+11,1.12093E-07,1.12093E-05,,,,,,,
3097194865,656412750,2.03304E+18,2.03304E+18,30910431232,1.52041E-08,1.52041E-06,,,,,,,
64093191,3012604263,1.93369E+17,1.93087E+17,2.81493E+14,0.001457852,0.145785188,,,,,,,
3534706085,4054330339,1.43311E+19,1.43309E+19,2.81597E+14,1.96497E-05,0.001964967,,,,,,,
907843180,1576469179,1.43119E+18,1.43119E+18,4968660736,3.47171E-09,3.47171E-07,,,,,,,
3390843284,1831574234,6.21058E+18,6.21058E+18,3.85657E+11,6.20968E-08,6.20968E-06,,,,,,,
986029173,3022294888,2.98007E+18,2.98007E+18,2.82585E+11,9.48248E-08,9.48248E-06,,,,,,,
2849805651,3408010134,9.71245E+18,9.71217E+18,2.81513E+14,2.89857E-05,0.002898565,,,,,,,
2134546686,1928230117,4.1159E+18,4.1159E+18,4.98398E+11,1.21091E-07,1.21091E-05,,,,,,,
2533623086,613755465,1.55503E+18,1.55503E+18,32985724928,2.12123E-08,2.12123E-06,,,,,,,
123721742,2617347384,3.23823E+17,3.23823E+17,34310193088,1.05954E-07,1.05954E-05,,,,,,,
2351605016,194773527,4.5803E+17,4.5803E+17,858311552,1.87392E-09,1.87392E-07,,,,,,,
970745459,3938350549,3.82314E+18,3.82314E+18,2.27612E+11,5.95354E-08,5.95354E-06,,,,,,,
429482547,2862064469,1.22921E+18,1.22921E+18,1.4111E+11,1.14798E-07,1.14798E-05,,,,,,,
4012249054,2094369017,8.40313E+18,8.40313E+18,5.11294E+11,6.08456E-08,6.08456E-06,,,,,,,
1446373548,2905523034,4.20275E+18,4.20247E+18,2.82035E+14,6.71118E-05,0.006711181,,,,,,,
3477954462,1252189333,4.35506E+18,4.35506E+18,6.06189E+11,1.39192E-07,1.39192E-05,,,,,,,
3979257306,4010402270,1.5959E+19,1.59584E+19,5.63772E+14,3.53276E-05,0.003532755,,,,,,,
3398017429,3410650518,1.15897E+19,1.15894E+19,2.81729E+14,2.43091E-05,0.002430911,,,,,,,
4100375016,2890873176,1.18539E+19,1.18537E+19,2.81698E+14,2.37647E-05,0.002376466,,,,,,,
948232305,3767772609,3.57301E+18,3.57272E+18,2.81786E+14,7.88716E-05,0.007887155,,,,,,,
4154599919,2950612831,1.22589E+19,1.22586E+19,2.82275E+14,2.30267E-05,0.00230267,,,,,,,
3932679636,3867541453,1.52104E+19,1.52098E+19,5.63855E+14,3.70718E-05,0.003707185,,,,,,,
1685162696,3142469494,5.29557E+18,5.29557E+18,2.39797E+11,4.52826E-08,4.52826E-06,,,,,,,
1000754807,2193920773,2.19558E+18,2.19558E+18,2.94609E+11,1.34183E-07,1.34183E-05,,,,,,,
1121865861,614806089,6.8973E+17,6.8973E+17,1.12489E+11,1.63091E-07,1.63091E-05,,,,,,,
3985265627,2410297631,9.60596E+18,9.60568E+18,2.81685E+14,2.93248E-05,0.002932484,,,,,,,
3872827341,1708706507,6.61781E+18,6.61753E+18,2.82169E+14,4.26397E-05,0.00426397,,,,,,,
1501628083,1059425918,1.59086E+18,1.59086E+18,4.29005E+11,2.69668E-07,2.69668E-05,,,,,,,
106527244,436733492,4.6524E+16,4.6524E+16,1266660448,2.72259E-08,2.72259E-06,,,,,,,
1176909452,1364521122,1.60592E+18,1.60592E+18,5.65466E+11,3.52114E-07,3.52114E-05,,,,,,,
1617065664,2759304520,4.46198E+18,4.46198E+18,5.33742E+11,1.1962E-07,1.1962E-05,,,,,,,
1796238038,4209146869,7.56063E+18,7.56063E+18,4.45107E+11,5.88717E-08,5.88717E-06,,,,,,,
3767929281,2102272762,7.92122E+18,7.92122E+18,1.13538E+11,1.43334E-08,1.43334E-06,,,,,,,
1868362462,3609201070,6.7433E+18,6.7433E+18,36124265472,5.35706E-09,5.35706E-07,,,,,,,
3954006999,3759126976,1.48639E+19,1.48636E+19,2.82146E+14,1.89823E-05,0.001898234,,,,,,,
4009483229,31667715,1.26971E+17,1.26971E+17,2.00545E+11,1.57945E-06,0.000157945,,,,,,,
1084381313,1473929903,1.5983E+18,1.5983E+18,2.13864E+11,1.33807E-07,1.33807E-05,,,,,,,
3535530917,891379306,3.1515E+18,3.1515E+18,2.61375E+11,8.29367E-08,8.29367E-06,,,,,,,
2593894709,1700913354,4.41227E+18,4.41199E+18,2.81671E+14,6.38421E-05,0.006384213,,,,,,,
118928398,2253103372,2.67958E+17,2.67958E+17,39168695968,1.46175E-07,1.46175E-05,,,,,,,
4288204287,984329333,4.22129E+18,4.22101E+18,2.8221E+14,6.68585E-05,0.006685845,,,,,,,
1572634299,527094846,8.28928E+17,8.28927E+17,6.66939E+11,8.04581E-07,8.04581E-05,,,,,,,
1742592207,1217069201,2.12086E+18,2.12086E+18,1971223552,9.29447E-10,9.29447E-08,,,,,,,
635459659,268146719,1.70397E+17,1.70396E+17,1.92551E+11,1.13002E-06,0.000113002,,,,,,,
706724436,433904691,3.06933E+17,3.06651E+17,2.81782E+14,0.000918902,0.091890161,,,,,,,
3343125902,294275107,9.83799E+17,9.83799E+17,1.71922E+11,1.74753E-07,1.74753E-05,,,,,,,
1483749040,3095656817,4.59318E+18,4.59318E+18,7.36605E+11,1.60369E-07,1.60369E-05,,,,,,,
1812211928,3691971000,6.69063E+18,6.69063E+18,6232901632,9.31586E-10,9.31586E-08,,,,,,,
4192837107,2552550192,1.0703E+19,1.07024E+19,5.63808E+14,5.26804E-05,0.005268036,,,,,,,
2233726730,1711905996,3.82421E+18,3.82393E+18,2.81498E+14,7.36149E-05,0.007361487,,,,,,,
3441108378,3265374085,1.12368E+19,1.12365E+19,2.81909E+14,2.50887E-05,0.002508868,,,,,,,
3050931051,744339032,2.27093E+18,2.27093E+18,3.28691E+11,1.44739E-07,1.44739E-05,,,,,,,
4281645566,3260445060,1.39604E+19,1.39601E+19,2.81959E+14,2.01975E-05,0.002019753,,,,,,,
1905892067,1575923387,3.00354E+18,3.00354E+18,6.66802E+11,2.22005E-07,2.22005E-05,,,,,,,
66258439,2249518348,1.4905E+17,1.4905E+17,28174282208,1.89026E-07,1.89026E-05,,,,,,,
1491323057,2264636685,3.37731E+18,3.3773E+18,4.67507E+11,1.38426E-07,1.38426E-05,,,,,,,
2051766516,987796597,2.02673E+18,2.02673E+18,6.08795E+11,3.00383E-07,3.00383E-05,,,,,,,
550394433,406544432,2.2376E+17,2.2376E+17,1.05162E+11,4.69978E-07,4.69978E-05,,,,,,,
3386391955,3614091694,1.2239E+19,1.22387E+19,2.81895E+14,2.3033E-05,0.002303301,,,,,,,
2438093602,3854078923,9.39689E+18,9.39661E+18,2.8156E+14,2.99641E-05,0.002996405,,,,,,,
3842259914,3578667434,1.37505E+19,1.37502E+19,2.81589E+14,2.0479E-05,0.002047897,,,,,,,
3864499660,2037223666,7.87285E+18,7.87285E+18,4.9715E+11,6.31474E-08,6.31474E-06,,,,,,,
1542923447,1410054824,2.17561E+18,2.17561E+18,5.74232E+11,2.63941E-07,2.63941E-05,,,,,,,
2676004671,3584063403,9.59125E+18,9.59097E+18,2.81602E+14,2.93611E-05,0.002936113,,,,,,,
2889965912,2714104643,7.84367E+18,7.84367E+18,3.5943E+11,4.58242E-08,4.58242E-06,,,,,,,
2327227157,50274309,1.17E+17,1.17E+17,11549429488,9.87133E-08,9.87133E-06,,,,,,,
2034769650,3854370251,7.84276E+18,7.84276E+18,23524108288,2.99947E-09,2.99947E-07,,,,,,,
2507529514,2256218380,5.65753E+18,5.65753E+18,29258753024,5.17164E-09,5.17164E-07,,,,,,,
426854962,1753935057,7.48676E+17,7.48676E+17,1.98993E+11,2.65793E-07,2.65793E-05,,,,,,,
2967010145,2598760245,7.71083E+18,7.71055E+18,2.8186E+14,3.65552E-05,0.003655515,,,,,,,
2752482632,3055511404,8.41024E+18,8.41024E+18,1.25214E+11,1.48883E-08,1.48883E-06,,,,,,,
3563425704,3394014100,1.20946E+19,1.20943E+19,2.8187E+14,2.33059E-05,0.002330595,,,,,,,
1812878552,2507927338,4.54657E+18,4.54657E+18,8.66975E+11,1.90688E-07,1.90688E-05,,,,,,,
3952600535,1125375110,4.44844E+18,4.44816E+18,2.82267E+14,6.34571E-05,0.006345711,,,,,,,
2472398630,2452602660,6.06409E+18,6.06381E+18,2.81594E+14,4.64384E-05,0.004643839,,,,,,,
976161396,81034249,7.91027E+16,7.91025E+16,2.41456E+11,3.05244E-06,0.000305244,,,,,,,
589227078,2475939623,1.45917E+18,1.45889E+18,2.81724E+14,0.000193109,0.019310868,,,,,,,
2201537798,3237398913,7.12754E+18,7.12726E+18,2.81492E+14,3.94952E-05,0.003949516,,,,,,,
3566158761,3183931259,1.13547E+19,1.13544E+19,2.82154E+14,2.48498E-05,0.002484976,,,,,,,
4275942397,185523222,7.93569E+17,7.93287E+17,2.82406E+14,0.000355995,0.035599491,,,,,,,
1991595245,2557052208,5.09261E+18,5.09261E+18,5.30647E+11,1.04199E-07,1.04199E-05,,,,,,,
3941404117,888706153,3.50275E+18,3.50275E+18,5.31418E+11,1.51714E-07,1.51714E-05,,,,,,,
2630633785,924439662,2.43186E+18,2.43186E+18,2.04219E+11,8.39762E-08,8.39762E-06,,,,,,,
1109976708,4071853029,4.51966E+18,4.51966E+18,3.10947E+11,6.87986E-08,6.87986E-06,,,,,,,
24119810,3752844223,9.05179E+16,9.05179E+16,8518435872,9.41078E-08,9.41078E-06,,,,,,,
3864136140,2717851459,1.05024E+19,1.05021E+19,2.81582E+14,2.68118E-05,0.002681185,,,,,,,
3397993365,1782141140,6.0557E+18,6.0557E+18,2.02056E+11,3.33662E-08,3.33662E-06,,,,,,,
1223951505,3518392739,4.30634E+18,4.30634E+18,2.57319E+11,5.97535E-08,5.97535E-06,,,,,,,
2583257907,1454749357,3.75799E+18,3.75799E+18,1.57666E+11,4.19549E-08,4.19549E-06,,,,,,,
1592860861,1693206729,2.69704E+18,2.69704E+18,2.30862E+11,8.55982E-08,8.55982E-06,,,,,,,
386306094,1418872489,5.48119E+17,5.48119E+17,54553562048,9.95287E-08,9.95287E-06,,,,,,,
1791913173,1841780443,3.30031E+18,3.30031E+18,3.10399E+11,9.40513E-08,9.40513E-06,,,,,,,
1552399545,3085302639,4.7899E+18,4.78962E+18,2.82251E+14,5.89297E-05,0.005892973,,,,,,,
3921654739,2619207992,1.02722E+19,1.02716E+19,5.638E+14,5.4889E-05,0.005488903,,,,,,,
2010157295,409833520,8.2383E+17,8.2383E+17,5.79222E+11,7.03085E-07,7.03085E-05,,,,,,,
2943582558,3687986103,1.08562E+19,1.08559E+19,2.81557E+14,2.59359E-05,0.002593585,,,,,,,
3831331784,373785644,1.4321E+18,1.4321E+18,4.44563E+11,3.10428E-07,3.10428E-05,,,,,,,
4238287353,2129524989,9.02554E+18,9.02554E+18,1.04021E+12,1.15251E-07,1.15251E-05,,,,,,,
2956961120,7344640,2.17178E+16,2.17178E+16,29007363800,1.33565E-06,0.000133565,,,,,,,
474652216,259972126,1.23678E+17,1.23396E+17,2.81679E+14,0.002282714,0.228271448,,,,,,,
3041459050,3640473521,1.10726E+19,1.10724E+19,2.81574E+14,2.54304E-05,0.00254304,,,,,,,
3554462119,2771533642,9.85159E+18,9.85131E+18,2.81652E+14,2.85903E-05,0.002859034,,,,,,,
318253605,4078611942,1.29803E+18,1.29803E+18,1.09357E+11,8.42486E-08,8.42486E-06,,,,,,,
2984716643,1521563317,4.54144E+18,4.54144E+18,91154395648,2.00717E-08,2.00717E-06,,,,,,,
3575947178,650506317,2.32646E+18,2.32618E+18,2.82156E+14,0.000121296,0.012129619,,,,,,,
129109007,1052550269,1.35894E+17,1.35894E+17,42736618128,3.14486E-07,3.14486E-05,,,,,,,
1936360166,1447705772,2.80328E+18,2.80328E+18,2.34187E+11,8.35404E-08,8.35404E-06,,,,,,,
428375603,3708363194,1.58857E+18,1.58857E+18,29130234112,1.83374E-08,1.83374E-06,,,,,,,
2505491754,3246165890,8.13324E+18,8.13324E+18,1.02198E+11,1.25655E-08,1.25655E-06,,,,,,,
3519302563,987433077,3.47508E+18,3.47508E+18,23195123712,6.67471E-09,6.67471E-07,,,,,,,
1196625550,1656202437,1.98185E+18,1.98185E+18,3.93881E+11,1.98744E-07,1.98744E-05,,,,,,,
43646469,3814881734,1.66506E+17,1.66506E+17,10286307744,6.17774E-08,6.17774E-06,,,,,,,
2354171672,1368913571,3.22294E+18,3.22266E+18,2.8157E+14,8.73721E-05,0.008737208,,,,,,,
44360709,1607945407,7.13296E+16,7.13296E+16,6509198344,9.12552E-08,9.12552E-06,,,,,,,
4164562928,3883385806,1.61729E+19,1.61726E+19,2.82264E+14,1.74532E-05,0.001745325,,,,,,,
808650848,928325230,7.50691E+17,7.50691E+17,49027585024,6.53099E-08,6.53099E-06,,,,,,,
3205766014,564855875,1.8108E+18,1.8108E+18,9008897792,4.9751E-09,4.9751E-07,,,,,,,
2807118158,1383550628,3.88379E+18,3.88379E+18,1.02931E+11,2.65028E-08,2.65028E-06,,,,,,,
1693728969,2105243386,3.56571E+18,3.56571E+18,4.01495E+11,1.12599E-07,1.12599E-05,,,,,,,
915865197,1588917437,1.45552E+18,1.45523E+18,2.81919E+14,0.000193727,0.019372724,,,,,,,
4205317109,1239718035,5.21341E+18,5.21341E+18,6.28279E+11,1.20512E-07,1.20512E-05,,,,,,,
1588766909,2373775642,3.77166E+18,3.77138E+18,2.82235E+14,7.48362E-05,0.00748362,,,,,,,
2468455718,722444886,1.78332E+18,1.78332E+18,1.04852E+11,5.87959E-08,5.87959E-06,,,,,,,
3904192465,3406945174,1.33017E+19,1.33014E+19,2.82246E+14,2.12193E-05,0.002121932,,,,,,,
1571028155,1267700887,1.99188E+18,1.99159E+18,2.81938E+14,0.000141564,0.014156397,,,,,,,
1595839166,1227231378,1.95846E+18,1.95846E+18,52824149248,2.69722E-08,2.69722E-06,,,,,,,
2427370785,2002593518,4.86104E+18,4.86104E+18,21839338496,4.49273E-09,4.49273E-07,,,,,,,
1974020843,4181176306,8.25373E+18,8.25373E+18,6.95023E+11,8.42071E-08,8.42071E-06,,,,,,,
296374819,479385145,1.42078E+17,1.42078E+17,1.26881E+11,8.93039E-07,8.93039E-05,,,,,,,
735467095,1387040421,1.02012E+18,1.02012E+18,2.09299E+11,2.05171E-07,2.05171E-05,,,,,,,
2236868874,3991462363,8.92866E+18,8.92838E+18,2.81509E+14,3.15297E-05,0.003152967,,,,,,,
909779564,2158907649,1.96413E+18,1.96413E+18,1.46772E+11,7.47262E-08,7.47262E-06,,,,,,,
887712361,2733719877,2.42676E+18,2.42676E+18,1.14978E+11,4.73791E-08,4.73791E-06,,,,,,,
4203174389,3552989095,1.49341E+19,1.49338E+19,2.81802E+14,1.88701E-05,0.001887006,,,,,,,
4095051752,303280676,1.24195E+18,1.24195E+18,6.94729E+11,5.59385E-07,5.59385E-05,,,,,,,
710640724,322544166,2.29213E+17,2.29213E+17,2.2987E+11,1.00287E-06,0.000100287,,,,,,,
4087064551,2689184064,1.09912E+19,1.09909E+19,2.82163E+14,2.56725E-05,0.002567252,,,,,,,
3368743825,170207764,5.73386E+17,5.73386E+17,1.02714E+11,1.79136E-07,1.79136E-05,,,,,,,
751040601,3264904069,2.45208E+18,2.45208E+18,1.84504E+11,7.52442E-08,7.52442E-06,,,,,,,
648851533,1817806040,1.17949E+18,1.17949E+18,1.72689E+11,1.46411E-07,1.46411E-05,,,,,,,
3515311523,223807514,7.86753E+17,7.86753E+17,22222328192,2.82456E-08,2.82456E-06,,,,,,,
564561987,4009167325,2.26342E+18,2.26342E+18,11158445312,4.9299E-09,4.9299E-07,,,,,,,
3984301530,219552282,8.74763E+17,8.74762E+17,95547473536,1.09227E-07,1.09227E-05,,,,,,,
2985888099,818533473,2.44405E+18,2.44405E+18,3.53819E+11,1.44768E-07,1.44768E-05,,,,,,,
595527238,3849333194,2.29238E+18,2.29238E+18,49416591872,2.15569E-08,2.15569E-06,,,,,,,
2467003174,3462775708,8.54268E+18,8.54268E+18,1.25784E+11,1.47242E-08,1.47242E-06,,,,,,,
874828392,1903915234,1.6656E+18,1.6656E+18,1.97228E+11,1.18413E-07,1.18413E-05,,,,,,,
2461526821,3187831676,7.84693E+18,7.84693E+18,71972108288,9.172E-09,9.172E-07,,,,,,,
3101748593,1644687044,5.10169E+18,5.10141E+18,2.81924E+14,5.52639E-05,0.005526391,,,,,,,
3545704358,3474407326,1.23195E+19,1.23192E+19,2.81652E+14,2.28628E-05,0.002286282,,,,,,,
1072954495,2509987115,2.6931E+18,2.6931E+18,1.98579E+11,7.37362E-08,7.37362E-06,,,,,,,
210548761,3921101267,8.25583E+17,8.25583E+17,27612516864,3.34461E-08,3.34461E-06,,,,,,,
3038212970,2787982156,8.47048E+18,8.47048E+18,1.05535E+11,1.24592E-08,1.24592E-06,,,,,,,
2530406189,1772967635,4.48633E+18,4.48633E+18,65570117120,1.46155E-08,1.46155E-06,,,,,,,
3270081413,1755496657,5.74062E+18,5.74062E+18,4.31316E+11,7.51341E-08,7.51341E-06,,,,,,,
3452359579,2975342434,1.02722E+19,1.0272E+19,2.81557E+14,2.74102E-05,0.002741023,,,,,,,
2568552242,3658149812,9.39671E+18,9.39615E+18,5.63147E+14,5.99338E-05,0.005993381,,,,,,,
355741738,3494244768,1.24305E+18,1.24305E+18,1.7053E+11,1.37187E-07,1.37187E-05,,,,,,,
1129425542,3063577965,3.46008E+18,3.46008E+18,2.8204E+11,8.15124E-08,8.15124E-06,,,,,,,
2363594521,3650153395,8.62776E+18,8.62748E+18,2.8157E+14,3.26364E-05,0.003263639,,,,,,,
2095573753,3060263276,6.41329E+18,6.41301E+18,2.82446E+14,4.40427E-05,0.00440427,,,,,,,
1058819710,1174070923,1.24313E+18,1.24313E+18,4.87634E+11,3.92263E-07,3.92263E-05,,,,,,,
2906975578,736587351,2.14124E+18,2.14124E+18,1.6689E+11,7.79409E-08,7.79409E-06,,,,,,,
1443128492,2110358779,3.04552E+18,3.04552E+18,3.84807E+11,1.26352E-07,1.26352E-05,,,,,,,
2031262962,2150042368,4.3673E+18,4.3673E+18,44744145920,1.02453E-08,1.02453E-06,,,,,,,
2744690503,1717706444,4.71457E+18,4.71457E+18,36705357824,7.78551E-09,7.78551E-07,,,,,,,
338141736,3368712593,1.1391E+18,1.1391E+18,81651888640,7.16809E-08,7.16809E-06,,,,,,,
