483840,3328985996,1.6107E+15,1.6107E+15,44041290,2.7343E-08,2.7343E-06,,,,,,,
2908189018,2926443356,8.51065E+18,8.51065E+18,3.35484E+11,3.94193E-08,3.94193E-06,,,,,,,
1031989883,3485856671,3.59765E+18,3.59737E+18,2.81483E+14,7.8247E-05,0.007824696,,,,,,,
1589292733,40936964,6.50608E+16,6.50608E+16,22099564792,3.39675E-07,3.39675E-05,,,,,,,
1373079715,31363075,4.30642E+16,4.3064E+16,2.27859E+11,5.29118E-06,0.000529118,,,,,,,0.00367822
1532956854,222003226,3.40321E+17,3.40321E+17,1.03006E+11,3.02671E-07,3.02671E-05,,,,,,,
478906425,2031944434,9.73111E+17,9.73111E+17,64353598464,6.61318E-08,6.61318E-06,,,,,,,
1993261805,1689240265,3.36738E+18,3.3671E+18,2.81457E+14,8.35904E-05,0.00835904,,,,,,,
1325922462,2822497616,3.74269E+18,3.74241E+18,2.81792E+14,7.52967E-05,0.007529675,,,,,,,
2791617356,211315737,5.89913E+17,5.89913E+17,1.62457E+11,2.75392E-07,2.75392E-05,,,,,,,
1034199675,1524994741,1.57715E+18,1.57715E+18,1.32489E+11,8.40052E-08,8.40052E-06,,,,,,,
70814216,3383113619,2.39573E+17,2.39573E+17,792514272,3.30803E-09,3.30803E-07,,,,,,,
527701054,672147536,3.54693E+17,3.54693E+17,3580828992,1.00956E-08,1.00956E-06,,,,,,,
248166429,3660292020,9.08362E+17,9.08362E+17,2257940352,2.48573E-09,2.48573E-07,,,,,,,
2295306513,2954462048,6.7814E+18,6.7814E+18,18359507968,2.70733E-09,2.70733E-07,,,,,,,
3513804706,3499680161,1.22975E+19,1.22972E+19,2.81421E+14,2.2885E-05,0.002288495,,,,,,,
2896378713,3265478021,9.45834E+18,9.45806E+18,2.81476E+14,2.97604E-05,0.002976044,,,,,,,
1635745986,196605975,3.21597E+17,3.21597E+17,4215865600,1.31091E-08,1.31091E-06,,,,,,,
2960771424,1211019408,3.58583E+18,3.58555E+18,2.81469E+14,7.85009E-05,0.007850089,,,,,,,
3694835128,145269265,5.36746E+17,5.36746E+17,20459742080,3.81181E-08,3.81181E-06,,,,,,,
524864574,2339962646,1.22845E+18,1.22816E+18,2.81862E+14,0.000229499,0.022949878,,,,,,,
3514658210,2325502229,8.17335E+18,8.17335E+18,10535810048,1.28904E-09,1.28904E-07,,,,,,,
1190958221,1050082941,1.25089E+18,1.2506E+18,2.81472E+14,0.000225069,0.022506879,,,,,,,
3341276558,1414683304,4.72685E+18,4.72685E+18,30486817792,6.44971E-09,6.44971E-07,,,,,,,
214182425,1473334959,3.15562E+17,3.15562E+17,7193231552,2.2795E-08,2.2795E-06,,,,,,,
1095424642,4015235550,4.39867E+18,4.39839E+18,2.8167E+14,6.40394E-05,0.006403938,,,,,,,
2216516360,2722122564,6.03363E+18,6.03363E+18,381687808,6.32601E-11,6.32601E-09,,,,,,,
2064918774,3169773945,6.54533E+18,6.54533E+18,41195234304,6.29384E-09,6.29384E-07,,,,,,,
1419817641,2653425468,3.76738E+18,3.76738E+18,229640704,6.0955E-11,6.0955E-09,,,,,,,
3162123640,1291103897,4.08263E+18,4.08263E+18,824164864,2.01871E-10,2.01871E-08,,,,,,,
3129834869,219444762,6.86826E+17,6.86826E+17,1.32686E+11,1.93187E-07,1.93187E-05,,,,,,,
4171764209,3056807788,1.27526E+19,1.27523E+19,2.81449E+14,2.20705E-05,0.002207046,,,,,,,
2920662364,1169497739,3.41571E+18,3.41571E+18,66668514816,1.95182E-08,1.95182E-06,,,,,,,
556384322,1823630553,1.01464E+18,1.01464E+18,52127819904,5.13757E-08,5.13757E-06,,,,,,,
2104121594,729374806,1.53469E+18,1.53469E+18,1.01665E+11,6.62443E-08,6.62443E-06,,,,,,,
1507322547,3517975971,5.30272E+18,5.30272E+18,29373711360,5.53936E-09,5.53936E-07,,,,,,,
3850814411,1709989067,6.58485E+18,6.58485E+18,14248103936,2.16377E-09,2.16377E-07,,,,,,,
4186175987,2036048626,8.52354E+18,8.52326E+18,2.81442E+14,3.30205E-05,0.003302052,,,,,,,
1975341291,869329511,1.71722E+18,1.71722E+18,22431851264,1.30629E-08,1.30629E-06,,,,,,,
56891398,3797049796,2.16019E+17,2.16019E+17,5184145184,2.39985E-08,2.39985E-06,,,,,,,
3389197716,4127042027,1.39876E+19,1.39874E+19,2.81848E+14,2.01502E-05,0.002015021,,,,,,,
2235511562,450577461,1.00727E+18,1.00727E+18,19594744064,1.94533E-08,1.94533E-06,,,,,,,
3892036559,1308160667,5.09169E+18,5.09141E+18,2.81471E+14,5.52834E-05,0.005528344,,,,,,,
106493964,2414021919,2.57079E+17,2.57079E+17,79476030080,3.09151E-07,3.09151E-05,,,,,,,
3401973653,1817502936,6.18338E+18,6.1831E+18,2.81499E+14,4.55272E-05,0.004552724,,,,,,,
4078817766,28848131,1.17666E+17,1.17666E+17,218164656,1.8541E-09,1.8541E-07,,,,,,,
3917942739,3939195861,1.54338E+19,1.54335E+19,2.81457E+14,1.82367E-05,0.00182367,,,,,,,
2978933603,1518792373,4.52466E+18,4.52438E+18,2.8147E+14,6.22117E-05,0.006221174,,,,,,,
1152843401,1310322844,1.51088E+18,1.5106E+18,2.81471E+14,0.000186331,0.0186331,,,,,,,
3396219284,3801433029,1.29108E+19,1.29105E+19,2.81475E+14,2.1802E-05,0.002180203,,,,,,,
1177327756,194904087,2.29466E+17,2.29466E+17,102694784,4.47538E-10,4.47538E-08,,,,,,,
1395282086,239003164,3.33477E+17,3.33477E+17,19598565888,5.87704E-08,5.87704E-06,,,,,,,
2146003199,2930813789,6.28954E+18,6.28954E+18,5954598912,9.46747E-10,9.46747E-08,,,,,,,
2223682825,3786496963,8.41997E+18,8.41997E+18,2873059328,3.4122E-10,3.4122E-08,,,,,,,
363182635,2042808051,7.42194E+17,7.41912E+17,2.81474E+14,0.000379389,0.037938921,,,,,,,
706447956,2791823692,1.97228E+18,1.97228E+18,1.01133E+11,5.12773E-08,5.12773E-06,,,,,,,
1562156218,2671309630,4.17328E+18,4.173E+18,2.81605E+14,6.74825E-05,0.00674825,,,,,,,
1448721580,1852267228,2.68342E+18,2.68342E+18,22212430336,8.27766E-09,8.27766E-07,,,,,,,
18339842,3993471964,7.32396E+16,7.32396E+16,26559104192,3.62633E-07,3.62633E-05,,,,,,,
2275342095,2704973634,6.15502E+18,6.15474E+18,2.81459E+14,4.57304E-05,0.004573043,,,,,,,
3007053158,2383325980,7.16707E+18,7.16679E+18,2.81466E+14,3.92736E-05,0.003927364,,,,,,,
701342803,2393776413,1.67886E+18,1.67886E+18,23539475456,1.40211E-08,1.40211E-06,,,,,,,
949244529,674639440,6.40398E+17,6.40398E+17,2211352832,3.45309E-09,3.45309E-07,,,,,,,
549254209,3276545414,1.79966E+18,1.79966E+18,17473182464,9.70918E-09,9.70918E-07,,,,,,,
1558112441,2521412396,3.92893E+18,3.92864E+18,2.81464E+14,7.16441E-05,0.007164408,,,,,,,
3345273742,2593689397,8.6766E+18,8.6766E+18,1.22452E+11,1.41129E-08,1.41129E-06,,,,,,,
412649009,4136931821,1.7071E+18,1.7071E+18,1.21455E+11,7.11471E-08,7.11471E-06,,,,,,,
2412373791,1259156118,3.03756E+18,3.03756E+18,25950946816,8.54337E-09,8.54337E-07,,,,,,,
4123573739,3208505726,1.32311E+19,1.32305E+19,5.63273E+14,4.25738E-05,0.004257376,,,,,,,
799645791,1742045903,1.39302E+18,1.39302E+18,1.02353E+11,7.34757E-08,7.34757E-06,,,,,,,
2140002047,761565786,1.62975E+18,1.62975E+18,3906048,2.39671E-12,2.39671E-10,,,,,,,
98970635,2487926568,2.46232E+17,2.46232E+17,59047296,2.39804E-10,2.39804E-08,,,,,,,
1214832272,737881175,8.96402E+17,8.96402E+17,1849158400,2.06287E-09,2.06287E-07,,,,,,,
615674953,3845119946,2.36734E+18,2.36734E+18,41064227840,1.73461E-08,1.73461E-06,,,,,,,
3544818086,2388923164,8.4683E+18,8.4683E+18,4426833920,5.22754E-10,5.22754E-08,,,,,,,
746464344,732799575,5.47009E+17,5.47009E+17,25511426816,4.66381E-08,4.66381E-06,,,,,,,
1801104086,986538101,1.77686E+18,1.77686E+18,3771119360,2.12235E-09,2.12235E-07,,,,,,,
3819023303,638485068,2.43839E+18,2.43839E+18,67626100224,2.77339E-08,2.77339E-06,,,,,,,
3062712173,2689397568,8.23685E+18,8.23685E+18,18223984640,2.21249E-09,2.21249E-07,,,,,,,
919219821,1379581092,1.26814E+18,1.26814E+18,168364544,1.32765E-10,1.32765E-08,,,,,,,
2397405469,2495374633,5.98242E+18,5.98242E+18,23380521984,3.9082E-09,3.9082E-07,,,,,,,
237347356,3723775419,8.83828E+17,8.83828E+17,541383808,6.12544E-10,6.12544E-08,,,,,,,
1854285533,1985286380,3.68129E+18,3.68129E+18,99656659456,2.70711E-08,2.70711E-06,,,,,,,
592358982,4040355297,2.39362E+18,2.39334E+18,2.81964E+14,0.000117812,0.011781184,,,,,,,
2054996724,755766874,1.5531E+18,1.5531E+18,990900736,6.38015E-10,6.38015E-08,,,,,,,
3287859079,1275075736,4.19227E+18,4.19227E+18,1.59477E+11,3.80408E-08,3.80408E-06,,,,,,,
4165837808,1739476687,7.24638E+18,7.24638E+18,3305052160,4.56097E-10,4.56097E-08,,,,,,,
761003610,4222817783,3.21358E+18,3.21358E+18,2788003328,8.67569E-10,8.67569E-08,,,,,,,
3124744564,817649249,2.55494E+18,2.55495E+18,71208892416,2.7871E-08,2.7871E-06,,,,,,,
3965803992,2523714860,1.00088E+19,1.00086E+19,2.81415E+14,2.81174E-05,0.002811744,,,,,,,
3462994332,3070659438,1.0634E+19,1.06337E+19,2.81583E+14,2.64803E-05,0.002648032,,,,,,,
1854833373,1173623947,2.17688E+18,2.17688E+18,27229433344,1.25085E-08,1.25085E-06,,,,,,,
2088372472,3859351500,8.05976E+18,8.05976E+18,2784747520,3.45512E-10,3.45512E-08,,,,,,,
2947669855,2517717804,7.4214E+18,7.4214E+18,737932288,9.9433E-11,9.9433E-09,,,,,,,
1581902524,705144404,1.11575E+18,1.11547E+18,2.81487E+14,0.000252348,0.025234828,,,,,,,
2957941600,3305819018,9.7787E+18,9.77842E+18,2.81738E+14,2.88123E-05,0.002881227,,,,,,,
522373694,2078934775,1.08598E+18,1.08598E+18,1.06283E+11,9.78683E-08,9.78683E-06,,,,,,,
550019649,299923491,1.64964E+17,1.64964E+17,75176658336,4.55716E-07,4.55716E-05,,,,,,,
768439899,2430042401,1.86734E+18,1.86734E+18,98465307648,5.27302E-08,5.27302E-06,,,,,,,
1834001626,1145575560,2.10099E+18,2.10099E+18,18754980608,8.92675E-09,8.92675E-07,,,,,,,
1834842330,3381867923,6.20519E+18,6.20519E+18,158601216,2.55594E-11,2.55594E-09,,,,,,,
378538541,1785275604,6.75796E+17,6.75796E+17,84020113792,1.24328E-07,1.24328E-05,,,,,,,
2965183841,1033370235,3.06413E+18,3.06413E+18,727527424,2.37433E-10,2.37433E-08,,,,,,,
51707910,2287525136,1.18283E+17,1.18283E+17,19098019760,1.6146E-07,1.6146E-05,,,,,,,
2365157657,4260655611,1.00774E+19,1.00771E+19,2.81483E+14,2.79328E-05,0.002793284,,,,,,,
897479786,3042326890,2.73043E+18,2.73043E+18,6896715776,2.52587E-09,2.52587E-07,,,,,,,
3461235100,1810297559,6.26587E+18,6.26587E+18,6147598336,9.81125E-10,9.81125E-08,,,,,,,
325586982,3804624837,1.23874E+18,1.23874E+18,5.21403E+11,4.20915E-07,4.20915E-05,,,,,,,
2616333623,1060740222,2.77525E+18,2.77525E+18,55080704512,1.98471E-08,1.98471E-06,,,,,,,
689324626,1223595153,8.43454E+17,8.43454E+17,1.16806E+11,1.38485E-07,1.38485E-05,,,,,,,
379730989,2556316464,9.70713E+17,9.70713E+17,13362069888,1.37652E-08,1.37652E-06,,,,,,,
367146027,896813674,3.29262E+17,3.29262E+17,14515298176,4.40844E-08,4.40844E-06,,,,,,,
4260283899,977967220,4.16642E+18,4.16642E+18,4339529216,1.04155E-09,1.04155E-07,,,,,,,
224776730,3080000879,6.92313E+17,6.92313E+17,110164224,1.59125E-10,1.59125E-08,,,,,,,
2823189840,3356746128,9.47701E+18,9.47673E+18,2.81903E+14,2.97469E-05,0.002974688,,,,,,,
426232370,1713681100,7.30708E+17,7.30426E+17,2.81493E+14,0.000385381,0.038538147,,,,,,,
1505943219,2722841412,4.10044E+18,4.10044E+18,29934745088,7.30037E-09,7.30037E-07,,,,,,,
143099409,994614902,1.42329E+17,1.42329E+17,7630306096,5.36104E-08,5.36104E-06,,,,,,,
3316926859,3222902656,1.06904E+19,1.06901E+19,2.81589E+14,2.6341E-05,0.002634104,,,,,,,
3047764843,1106514563,3.3724E+18,3.3724E+18,539028480,1.59835E-10,1.59835E-08,,,,,,,
1189986957,2686155584,3.19649E+18,3.19649E+18,1.5644E+11,4.89411E-08,4.89411E-06,,,,,,,
337755176,2435059490,8.22454E+17,8.22454E+17,19554762752,2.37761E-08,2.37761E-06,,,,,,,
449910325,754797145,3.39591E+17,3.39591E+17,7979061120,2.34961E-08,2.34961E-06,,,,,,,
748867673,3504032673,2.62406E+18,2.62406E+18,1269820416,4.83915E-10,4.83915E-08,,,,,,,
2870661974,836182627,2.4004E+18,2.4004E+18,23964055552,9.98337E-09,9.98337E-07,,,,,,,
4142323693,1155417225,4.78611E+18,4.78611E+18,51100261376,1.06768E-08,1.06768E-06,,,,,,,
2993570148,3125337972,9.3562E+18,9.35592E+18,2.8166E+14,3.01051E-05,0.003010505,,,,,,,
3156017016,422524978,1.3335E+18,1.3335E+18,7653895424,5.73972E-09,5.73972E-07,,,,,,,
3349245327,2052462836,6.8742E+18,6.8742E+18,27702342656,4.0299E-09,4.0299E-07,,,,,,,
1846883036,1816797912,3.35541E+18,3.35541E+18,6197960704,1.84715E-09,1.84715E-07,,,,,,,
2613650743,436351028,1.14047E+18,1.14047E+18,85003776,7.4534E-11,7.4534E-09,,,,,,,
522985534,1394654886,7.29384E+17,7.29384E+17,760496128,1.04265E-09,1.04265E-07,,,,,,,
4144296942,11288065,4.67811E+16,4.67811E+16,296479968,6.3376E-09,6.3376E-07,,,,,,,
2264347405,3537274789,8.00962E+18,8.00962E+18,14207293440,1.77378E-09,1.77378E-07,,,,,,,
1074472064,4230685688,4.54575E+18,4.54575E+18,3131820032,6.88955E-10,6.88955E-08,,,,,,,
1068537471,2352790296,2.51404E+18,2.51404E+18,3054241280,1.21487E-09,1.21487E-07,,,,,,,
443860020,3752424895,1.66555E+18,1.66555E+18,57323532032,3.44172E-08,3.44172E-06,,,,,,,
677590096,2500743978,1.69448E+18,1.69448E+18,5174661888,3.05384E-09,3.05384E-07,,,,,,,
1741266639,4131492844,7.19403E+18,7.19403E+18,3.84716E+11,5.34771E-08,5.34771E-06,,,,,,,
399949359,3136032117,1.25425E+18,1.25425E+18,516937216,4.12147E-10,4.12147E-08,,,,,,,
3075228014,3847854538,1.18333E+19,1.1833E+19,2.81457E+14,2.37857E-05,0.002378571,,,,,,,
3426458520,739796056,2.53488E+18,2.53488E+18,1.31693E+11,5.19525E-08,5.19525E-06,,,,,,,
4035311073,1522492085,6.14373E+18,6.14373E+18,26533837824,4.31885E-09,4.31885E-07,,,,,,,
3281451399,1106482819,3.63115E+18,3.63087E+18,2.81587E+14,7.75536E-05,0.00775536,,,,,,,
3297953673,2726595397,8.99219E+18,8.99219E+18,1.27327E+11,1.41598E-08,1.41598E-06,,,,,,,
1760478417,3912736722,6.88829E+18,6.88829E+18,2.42852E+11,3.52558E-08,3.52558E-06,,,,,,,
841843812,10121217,8.52071E+15,8.52048E+15,2.26477E+11,2.65803E-05,0.002658031,,,,,,,
3258296196,3824433607,1.24614E+19,1.24611E+19,2.81502E+14,2.25904E-05,0.002259035,,,,,,,
679196752,1781411028,1.20993E+18,1.20993E+18,53015290880,4.38169E-08,4.38169E-06,,,,,,,
2331447061,3779781058,8.81236E+18,8.81236E+18,57916511232,6.57219E-09,6.57219E-07,,,,,,,
345615913,4207190005,1.45407E+18,1.45407E+18,1.82164E+11,1.25278E-07,1.25278E-05,,,,,,,
1740843215,652922957,1.13664E+18,1.13664E+18,7124483200,6.26804E-09,6.26804E-07,,,,,,,
3857085899,1091985026,4.21188E+18,4.21188E+18,77889528832,1.84928E-08,1.84928E-06,,,,,,,
2656755516,1213008016,3.22267E+18,3.22267E+18,4100136448,1.27228E-09,1.27228E-07,,,,,,,
3574585258,1068223103,3.81874E+18,3.81845E+18,2.81472E+14,7.37135E-05,0.007371352,,,,,,,
2124143869,665862223,1.41439E+18,1.41439E+18,90462679296,6.39589E-08,6.39589E-06,,,,,,,
4192099827,3174629242,1.33086E+19,1.33084E+19,2.81677E+14,2.11654E-05,0.00211654,,,,,,,
1747750608,1020589689,1.78402E+18,1.78374E+18,2.81468E+14,0.000157797,0.015779691,,,,,,,
2076268279,1085920897,2.25466E+18,2.25466E+18,4243783936,1.88223E-09,1.88223E-07,,,,,,,
417866289,3715721146,1.55267E+18,1.55267E+18,42744482816,2.75296E-08,2.75296E-06,,,,,,,
3910848978,3578654122,1.39961E+19,1.39956E+19,5.6303E+14,4.02291E-05,0.004022914,,,,,,,
2953479520,60132359,1.776E+17,1.776E+17,11160303328,6.28397E-08,6.28397E-06,,,,,,,
21729794,1909760227,4.14987E+16,4.14987E+16,784125960,1.88952E-08,1.88952E-06,,,,,,,
2451332388,3445040026,8.44494E+18,8.44494E+18,9775672320,1.15758E-09,1.15758E-07,,,,,,,
4252971002,2689141568,1.14371E+19,1.14368E+19,2.81476E+14,2.46113E-05,0.002461131,,,,,,,
429857843,3000871269,1.28995E+18,1.28995E+18,9015767296,6.98925E-09,6.98925E-07,,,,,,,
607644232,3235777409,1.9662E+18,1.9662E+18,363854848,1.85055E-10,1.85055E-08,,,,,,,
3229150080,766924891,2.47652E+18,2.47652E+18,35113991168,1.41788E-08,1.41788E-06,,,,,,,
865785447,81410057,7.04836E+16,7.04836E+16,6938059376,9.8435E-08,9.8435E-06,,,,,,,
773895772,1310207132,1.01396E+18,1.01396E+18,1.33183E+11,1.31348E-07,1.31348E-05,,,,,,,
4001086940,4248040442,1.69973E+19,1.69968E+19,5.62572E+14,3.30988E-05,0.003309876,,,,,,,
1451895469,2044715763,2.96871E+18,2.96871E+18,7519452160,2.5329E-09,2.5329E-07,,,,,,,
3626576816,1491948721,5.41067E+18,5.41067E+18,534307840,9.87508E-11,9.87508E-09,,,,,,,
2513548587,1363932834,3.42859E+18,3.42831E+18,2.81474E+14,8.21027E-05,0.008210275,,,,,,,
3942149077,791689822,3.12096E+18,3.12096E+18,52655805952,1.68717E-08,1.68717E-06,,,,,,,
1957199593,1970840810,3.85733E+18,3.85733E+18,34451389952,8.93141E-09,8.93141E-07,,,,,,,
3583084971,4046077922,1.44977E+19,1.44974E+19,2.81475E+14,1.94155E-05,0.001941548,,,,,,,
2172679427,2895898969,6.29186E+18,6.29186E+18,4.04551E+11,6.42976E-08,6.42976E-06,,,,,,,
184242709,3752378815,6.91348E+17,6.91348E+17,65470010752,9.4699E-08,9.4699E-06,,,,,,,
1786266836,2684452672,4.79515E+18,4.79515E+18,67645015040,1.4107E-08,1.4107E-06,,,,,,,
2976338786,2692012352,8.01234E+18,8.01234E+18,77158094848,9.62991E-09,9.62991E-07,,,,,,,
1141332104,801563231,9.1485E+17,9.1485E+17,32370129920,3.5383E-08,3.5383E-06,,,,,,,
1002296951,1332700830,1.33576E+18,1.33576E+18,99457230848,7.44573E-08,7.44573E-06,,,,,,,
2825510224,408374832,1.15387E+18,1.15387E+18,60337957632,5.22919E-08,5.22919E-06,,,,,,,
971630707,661455438,6.4269E+17,6.4269E+17,2353558400,3.66204E-09,3.66204E-07,,,,,,,
466402871,1705492683,7.95728E+17,7.95447E+17,2.81471E+14,0.000353853,0.035385316,,,,,,,
2883933527,2664565565,7.68443E+18,7.68443E+18,419497984,5.45906E-11,5.45906E-09,,,,,,,
3778652610,4029872096,1.5228E+19,1.52275E+19,5.62963E+14,3.69702E-05,0.003697018,,,,,,,
3817122247,2481888039,9.47395E+18,9.47367E+18,2.81521E+14,2.97161E-05,0.002971614,,,,,,,
742590552,3753208255,2.7871E+18,2.7871E+18,84044143104,3.01547E-08,3.01547E-06,,,,,,,
3238211458,3843723210,1.24471E+19,1.24468E+19,2.81743E+14,2.26358E-05,0.002263582,,,,,,,
1534068918,4020852191,6.16826E+18,6.16826E+18,1787479040,2.89786E-10,2.89786E-08,,,,,,,
3595498412,2425454881,8.72072E+18,8.72072E+18,91450750976,1.04866E-08,1.04866E-06,,,,,,,
2808649038,4051875811,1.13806E+19,1.13803E+19,2.81793E+14,2.47615E-05,0.002476149,,,,,,,
3172254586,940494960,2.98377E+18,2.98349E+18,2.81465E+14,9.43409E-05,0.009434088,,,,,,,
1927371493,3366668689,6.48882E+18,6.48882E+18,482057216,7.42904E-11,7.42904E-09,,,,,,,
2878089559,2754189128,7.9268E+18,7.9268E+18,87476903936,1.10356E-08,1.10356E-06,,,,,,,
659014734,3695086520,2.43512E+18,2.43512E+18,10743724544,4.412E-09,4.412E-07,,,,,,,
335770152,2742072134,9.20706E+17,9.20706E+17,1527272448,1.65881E-09,1.65881E-07,,,,,,,
1244528276,3129324917,3.89481E+18,3.89453E+18,2.81539E+14,7.22909E-05,0.007229087,,,,,,,
3677071798,1632025794,6.00108E+18,6.00108E+18,8943212544,1.49027E-09,1.49027E-07,,,,,,,
930543214,1781778132,1.6583E+18,1.65802E+18,2.81479E+14,0.000169768,0.016976794,,,,,,,
1898224866,276697632,5.25234E+17,5.25234E+17,1892998720,3.6041E-09,3.6041E-07,,,,,,,
2890028888,2774628682,8.01876E+18,8.01876E+18,1.16002E+11,1.44663E-08,1.44663E-06,,,,,,,
3645429170,2243219723,8.17778E+18,8.1775E+18,2.81472E+14,3.44203E-05,0.003442032,,,,,,,
244878365,4199107060,1.02827E+18,1.02827E+18,1459596928,1.41947E-09,1.41947E-07,,,,,,,
1824104665,493932602,9.01266E+17,9.00985E+17,2.81472E+14,0.000312405,0.031240504,,,,,,,
500613691,2378396443,1.19066E+18,1.19066E+18,63394948864,5.32436E-08,5.32436E-06,,,,,,,
3819638215,167490067,6.39751E+17,6.39751E+17,177158400,2.76918E-10,2.76918E-08,,,,,,,
2010834159,4219597815,8.48519E+18,8.48491E+18,2.81707E+14,3.32009E-05,0.003320095,,,,,,,
4050641890,3841905097,1.55627E+19,1.55622E+19,5.62593E+14,3.61513E-05,0.003615129,,,,,,,
519020605,2416739616,1.25434E+18,1.25434E+18,65562527744,5.22686E-08,5.22686E-06,,,,,,,
2135273214,551502913,1.17761E+18,1.17761E+18,53885272320,4.57582E-08,4.57582E-06,,,,,,,
3967312344,3632047024,1.44097E+19,1.44095E+19,2.81401E+14,1.95289E-05,0.001952891,,,,,,,
1373682851,3050958187,4.19133E+18,4.19105E+18,2.81974E+14,6.728E-05,0.006727996,,,,,,,
2623361848,1140427911,2.99176E+18,2.99176E+18,59652529152,1.9939E-08,1.9939E-06,,,,,,,
2780306251,652174925,1.81325E+18,1.81325E+18,67393093632,3.71671E-08,3.71671E-06,,,,,,,
3711393722,1391737509,5.16529E+18,5.16529E+18,15743069184,3.04786E-09,3.04786E-07,,,,,,,
236032540,3123710836,7.37297E+17,7.37297E+17,505417344,6.855E-10,6.855E-08,,,,,,,
2436642594,2418240800,5.89239E+18,5.89239E+18,36740424704,6.23523E-09,6.23523E-07,,,,,,,
2731389765,2176317187,5.94465E+18,5.94437E+18,2.81457E+14,4.73485E-05,0.004734852,,,,,,,
736772183,1329568414,9.79589E+17,9.79589E+17,67136561664,6.85354E-08,6.85354E-06,,,,,,,
1223935121,2401961246,2.93984E+18,2.93984E+18,1.3436E+11,4.5703E-08,4.5703E-06,,,,,,,
3631525296,3984524250,1.44702E+19,1.44699E+19,2.81475E+14,1.94524E-05,0.001945242,,,,,,,
2717766979,1877005535,5.10155E+18,5.10126E+18,2.81471E+14,5.51767E-05,0.005517667,,,,,,,
3572459433,265396255,9.48117E+17,9.48117E+17,21919077632,2.31185E-08,2.31185E-06,,,,,,,
3991187931,3429941656,1.36901E+19,1.36895E+19,5.63153E+14,4.11375E-05,0.004113749,,,,,,,
775624284,450702901,3.49576E+17,3.49576E+17,8310535872,2.37732E-08,2.37732E-06,,,,,,,
3958105047,3356353424,1.32854E+19,1.32848E+19,5.63222E+14,4.23959E-05,0.004239594,,,,,,,
3367054737,3770232257,1.26949E+19,1.26946E+19,2.81474E+14,2.21728E-05,0.002217277,,,,,,,
2251143436,2074286327,4.66952E+18,4.66952E+18,63873569792,1.36788E-08,1.36788E-06,,,,,,,
1636816067,1080742528,1.76926E+18,1.76898E+18,2.81471E+14,0.000159115,0.015911511,,,,,,,
3555147175,2830041425,1.00615E+19,1.00612E+19,2.81472E+14,2.79759E-05,0.002797591,,,,,,,
4112906730,857808998,3.52809E+18,3.52809E+18,6160483328,1.74612E-09,1.74612E-07,,,,,,,
3196337021,2145383167,6.85737E+18,6.85737E+18,1074725888,1.56726E-10,1.56726E-08,,,,,,,
3049211243,2201014022,6.71136E+18,6.71136E+18,699531264,1.04231E-10,1.04231E-08,,,,,,,
1433092266,393219118,5.63519E+17,5.63519E+17,5778438656,1.02542E-08,1.02542E-06,,,,,,,
2135958782,684743249,1.46258E+18,1.46258E+18,82322657280,5.62858E-08,5.62858E-06,,,,,,,
2626263353,3980470746,1.0454E+19,1.04538E+19,2.81476E+14,2.69258E-05,0.002692584,,,,,,,
1944176359,143917073,2.798E+17,2.798E+17,3889169216,1.38998E-08,1.38998E-06,,,,,,,
1637830339,2428036897,3.97671E+18,3.97671E+18,99808637952,2.50983E-08,2.50983E-06,,,,,,,
750655065,2410265887,1.80928E+18,1.80928E+18,99342336,5.49072E-11,5.49072E-09,,,,,,,
1682649288,1348247712,2.26863E+18,2.26863E+18,16438270976,7.24591E-09,7.24591E-07,,,,,,,
2891693400,1775586003,5.13445E+18,5.13445E+18,67949568,1.3234E-11,1.3234E-09,,,,,,,
3705063865,2267902222,8.40272E+18,8.40272E+18,83813157888,9.97452E-09,9.97452E-07,,,,,,,
4245302266,1294738586,5.49656E+18,5.49656E+18,2732755968,4.97176E-10,4.97176E-08,,,,,,,
767714395,3854841291,2.95942E+18,2.95942E+18,6136294400,2.07348E-09,2.07348E-07,,,,,,,
677217872,2542897967,1.7221E+18,1.7221E+18,1.07019E+11,6.21449E-08,6.21449E-06,,,,,,,
1276185752,3542976934,4.5215E+18,4.5215E+18,1.4149E+11,3.12928E-08,3.12928E-06,,,,,,,
4082811366,972190835,3.96927E+18,3.96927E+18,28243960320,7.11565E-09,7.11565E-07,,,,,,,
710185556,3246771075,2.30581E+18,2.30581E+18,2.83096E+11,1.22775E-07,1.22775E-05,,,,,,,
2338554646,759275610,1.77561E+18,1.77561E+18,6190794240,3.48658E-09,3.48658E-07,,,,,,,
846822500,307564580,2.60453E+17,2.60453E+17,9948625984,3.81975E-08,3.81975E-06,,,,,,,
266484255,1832094938,4.88224E+17,4.88224E+17,33238238208,6.80798E-08,6.80798E-06,,,,,,,
2589137716,3869982157,1.00202E+19,1.00199E+19,2.81444E+14,2.80884E-05,0.002808845,,,,,,,
2763395913,884633705,2.44459E+18,2.44459E+18,78399512576,3.20706E-08,3.20706E-06,,,,,,,
518486077,4143704557,2.14845E+18,2.14845E+18,1.48286E+11,6.90197E-08,6.90197E-06,,,,,,,
2036266738,4165093872,8.48124E+18,8.48124E+18,2102310912,2.47878E-10,2.47878E-08,,,,,,,
1920688356,1320841373,2.53692E+18,2.53692E+18,29728252928,1.17182E-08,1.17182E-06,,,,,,,
4041840097,1504498867,6.08094E+18,6.08094E+18,1134629888,1.86588E-10,1.86588E-08,,,,,,,
1767792338,2276847375,4.02499E+18,4.02499E+18,54764972544,1.36062E-08,1.36062E-06,,,,,,,
3600504749,302878244,1.09051E+18,1.09051E+18,1.08583E+11,9.95703E-08,9.95703E-06,,,,,,,
2977349474,3778363842,1.12498E+19,1.12495E+19,2.81466E+14,2.50203E-05,0.002502026,,,,,,,
1264478358,2368057626,2.99436E+18,2.99436E+18,1020111872,3.40678E-10,3.40678E-08,,,,,,,
2693631809,1322451613,3.5622E+18,3.5622E+18,4192256,1.17687E-12,1.17687E-10,,,,,,,
3622681007,2996845413,1.08569E+19,1.08566E+19,2.81473E+14,2.59264E-05,0.002592638,,,,,,,
1700436170,1528402102,2.59895E+18,2.59895E+18,58709780480,2.25898E-08,2.25898E-06,,,,,,,
3485528479,420340786,1.46539E+18,1.46511E+18,2.81497E+14,0.000192134,0.019213354,,,,,,,
2807065422,2044659443,5.73949E+18,5.73949E+18,1.01059E+11,1.76076E-08,1.76076E-06,,,,,,,
4038623201,2661363005,1.07485E+19,1.07482E+19,2.81475E+14,2.6188E-05,0.002618801,,,,,,,
1630031554,643907660,1.04959E+18,1.04959E+18,18902676352,1.80096E-08,1.80096E-06,,,,,,,
3951660503,598363719,2.36453E+18,2.36453E+18,1.04282E+11,4.41027E-08,4.41027E-06,,,,,,,
2184073476,3911310290,8.54259E+18,8.54259E+18,2.13605E+11,2.50047E-08,2.50047E-06,,,,,,,
1089078913,3805497285,4.14449E+18,4.14449E+18,8158061056,1.96841E-09,1.96841E-07,,,,,,,
2722971460,562179651,1.5308E+18,1.5308E+18,855560448,5.58898E-10,5.58898E-08,,,,,,,
2675743550,2736509254,7.3222E+18,7.3222E+18,76198618112,1.04065E-08,1.04065E-06,,,,,,,
3571098537,790584414,2.82325E+18,2.82325E+18,1.57132E+11,5.56565E-08,5.56565E-06,,,,,,,
2927407964,3214239615,9.40967E+18,9.40939E+18,2.81548E+14,2.9922E-05,0.002992198,,,,,,,
1713556172,1458453677,2.49914E+18,2.49914E+18,20389634560,8.15865E-09,8.15865E-07,,,,,,,
4046093282,3235858817,1.30929E+19,1.30926E+19,2.81477E+14,2.14989E-05,0.002149894,,,,,,,
263503903,2149018880,5.66275E+17,5.66275E+17,33297284352,5.88006E-08,5.88006E-06,,,,,,,
787931229,73559560,5.79599E+16,5.79599E+16,10201079360,1.76002E-07,1.76002E-05,,,,,,,
4016984542,2761115977,1.10916E+19,1.10914E+19,2.81476E+14,2.53779E-05,0.002537792,,,,,,,
2356121368,2907543386,6.85053E+18,6.85053E+18,23139562496,3.37778E-09,3.37778E-07,,,,,,,
1296566426,2441473315,3.16553E+18,3.16553E+18,32625707520,1.03065E-08,1.03065E-06,,,,,,,
1089139329,3679534518,4.00753E+18,4.00753E+18,23725638144,5.92027E-09,5.92027E-07,,,,,,,
4225840119,1398486182,5.90978E+18,5.90978E+18,46767216640,7.91353E-09,7.91353E-07,,,,,,,
2499032873,3810237894,9.52219E+18,9.52191E+18,2.81349E+14,2.95476E-05,0.002954757,,,,,,,
3754679231,1772272851,6.6546E+18,6.65432E+18,2.81445E+14,4.22951E-05,0.004229513,,,,,,,
2507622186,76853769,1.9272E+17,1.9272E+17,6720050944,3.48695E-08,3.48695E-06,,,,,,,
3919106003,2662063933,1.04335E+19,1.04329E+19,5.62817E+14,5.39463E-05,0.00539463,,,,,,,
2813120847,3671735221,1.03293E+19,1.0329E+19,2.81475E+14,2.72509E-05,0.002725088,,,,,,,
2393086237,518109757,1.23988E+18,1.23988E+18,11320365568,9.1302E-09,9.1302E-07,,,,,,,
3922083795,2180755715,8.55311E+18,8.55311E+18,6758400,7.90169E-13,7.90169E-11,,,,,,,
2359199513,736569431,1.73771E+18,1.73771E+18,1675927040,9.64443E-10,9.64443E-08,,,,,,,
207207960,779505244,1.6152E+17,1.6152E+17,1.21686E+11,7.53381E-07,7.53381E-05,,,,,,,
2212406023,2272446222,5.02757E+18,5.02757E+18,356044800,7.08184E-11,7.08184E-09,,,,,,,
277755937,2993754980,8.31533E+17,8.31533E+17,1462761728,1.75911E-09,1.75911E-07,,,,,,,
3026696552,1911222499,5.78497E+18,5.78469E+18,2.8151E+14,4.86647E-05,0.004866471,,,,,,,
386358830,750303833,2.89887E+17,2.89887E+17,11092616576,3.82654E-08,3.82654E-06,,,,,,,
3921171923,3636577201,1.42599E+19,1.42596E+19,2.81884E+14,1.97679E-05,0.001976794,,,,,,,
730961495,3715874746,2.71616E+18,2.71616E+18,82604254720,3.04121E-08,3.04121E-06,,,,,,,
1633010882,277944353,4.53886E+17,4.53886E+17,10803880320,2.38031E-08,2.38031E-06,,,,,,,
3113095539,3703987641,1.15311E+19,1.15309E+19,2.81508E+14,2.44134E-05,0.002441341,,,,,,,
941102192,922127981,8.67817E+17,8.67817E+17,1.21272E+11,1.39744E-07,1.39744E-05,,,,,,,
354334250,784240733,2.77883E+17,2.77883E+17,45144786240,1.62459E-07,1.62459E-05,,,,,,,
2855669588,405765680,1.15873E+18,1.15873E+18,32927759872,2.8417E-08,2.8417E-06,,,,,,,
1158821514,1906316515,2.20908E+18,2.20908E+18,1.02053E+11,4.61969E-08,4.61969E-06,,,,,,,
839990884,880085096,7.39263E+17,7.39263E+17,6371838848,8.61917E-09,8.61917E-07,,,,,,,
4186962931,561539138,2.35114E+18,2.35114E+18,1.55872E+11,6.62963E-08,6.62963E-06,,,,,,,
1371664547,1092093058,1.49799E+18,1.49799E+18,964964864,6.44175E-10,6.44175E-08,,,,,,,
1535389879,765642331,1.17556E+18,1.17556E+18,3750707968,3.19057E-09,3.19057E-07,,,,,,,
2472751910,1096618114,2.71166E+18,2.71166E+18,1963652096,7.2415E-10,7.2415E-08,,,,,,,
550224449,1543776440,8.49424E+17,8.49424E+17,7427654528,8.74435E-09,8.74435E-07,,,,,,,
203345432,320374822,6.51468E+16,6.51468E+16,16073891096,2.46734E-07,2.46734E-05,,,,,,,
287333410,3053931884,8.77497E+17,8.77497E+17,83693440,9.53775E-11,9.53775E-09,,,,,,,
1845056219,185239574,3.41777E+17,3.41777E+17,6178788672,1.80784E-08,1.80784E-06,,,,,,,
3888409551,4216893430,1.63973E+19,1.6397E+19,2.81943E+14,1.71948E-05,0.001719479,,,,,,,
1952319720,4244303353,8.28624E+18,8.28624E+18,3.01062E+11,3.63327E-08,3.63327E-06,,,,,,,
1039080059,3596782508,3.73734E+18,3.73734E+18,2.15931E+11,5.77765E-08,5.77765E-06,,,,,,,
929758830,3415560599,3.17565E+18,3.17565E+18,12086191104,3.8059E-09,3.8059E-07,,,,,,,
3925367251,1317592221,5.17203E+18,5.17203E+18,11993435136,2.3189E-09,2.3189E-07,,,,,,,
2986147171,1543835320,4.61012E+18,4.61012E+18,1.02031E+11,2.21321E-08,2.21321E-06,,,,,,,
4282699262,3022348648,1.29441E+19,1.29438E+19,2.81473E+14,2.17457E-05,0.002174574,,,,,,,
2256245516,2303805202,5.19795E+18,5.19795E+18,1201975296,2.3124E-10,2.3124E-08,,,,,,,
1525802677,37982212,5.82348E+16,5.79534E+16,2.81452E+14,0.004856526,0.48565259,,,,,,,
3462729116,1937297638,6.70834E+18,6.70834E+18,1159051264,1.72778E-10,1.72778E-08,,,,,,,
1765921490,1914481892,3.38111E+18,3.38082E+18,2.81467E+14,8.3254E-05,0.008325396,,,,,,,
2157606145,1179536012,2.54497E+18,2.54497E+18,1.08353E+11,4.25752E-08,4.25752E-06,,,,,,,
2412215071,3159600504,7.62164E+18,7.62164E+18,26390484992,3.46257E-09,3.46257E-07,,,,,,,
3127613300,1410601128,4.41181E+18,4.41181E+18,26550197760,6.01798E-09,6.01798E-07,,,,,,,
1750239952,1139888263,1.99508E+18,1.99508E+18,35492516608,1.779E-08,1.779E-06,,,,,,,
4150460910,534265407,2.21745E+18,2.21745E+18,20086730496,9.05849E-09,9.05849E-07,,,,,,,
3097194865,656412750,2.03304E+18,2.03304E+18,1148588544,5.64962E-10,5.64962E-08,,,,,,,
64093191,3012604263,1.93369E+17,1.93087E+17,2.81503E+14,0.001457903,0.145790263,,,,,,,
3534706085,4054330339,1.43311E+19,1.43309E+19,2.81451E+14,1.96395E-05,0.001963952,,,,,,,
907843180,1576469179,1.43119E+18,1.43119E+18,96376450816,6.73402E-08,6.73402E-06,,,,,,,
3390843284,1831574234,6.21058E+18,6.21058E+18,82591905792,1.32986E-08,1.32986E-06,,,,,,,
986029173,3022294888,2.98007E+18,2.98007E+18,1.24927E+11,4.19208E-08,4.19208E-06,,,,,,,
2849805651,3408010134,9.71245E+18,9.71217E+18,2.81506E+14,2.89849E-05,0.002898492,,,,,,,
2134546686,1928230117,4.1159E+18,4.1159E+18,9125717504,2.21719E-09,2.21719E-07,,,,,,,
2533623086,613755465,1.55503E+18,1.55503E+18,501414912,3.22448E-10,3.22448E-08,,,,,,,
123721742,2617347384,3.23823E+17,3.23823E+17,6551290880,2.02311E-08,2.02311E-06,,,,,,,
2351605016,194773527,4.5803E+17,4.5803E+17,1559227456,3.4042E-09,3.4042E-07,,,,,,,
970745459,3938350549,3.82314E+18,3.82314E+18,62119912960,1.62484E-08,1.62484E-06,,,,,,,
429482547,2862064469,1.22921E+18,1.22921E+18,12886012672,1.04832E-08,1.04832E-06,,,,,,,
4012249054,2094369017,8.40313E+18,8.40313E+18,39867230208,4.74433E-09,4.74433E-07,,,,,,,
1446373548,2905523034,4.20275E+18,4.20247E+18,2.81505E+14,6.69855E-05,0.006698554,,,,,,,
3477954462,1252189333,4.35506E+18,4.35506E+18,26995436544,6.19864E-09,6.19864E-07,,,,,,,
3979257306,4010402270,1.5959E+19,1.59584E+19,5.6292E+14,3.52742E-05,0.003527416,,,,,,,
3398017429,3410650518,1.15897E+19,1.15894E+19,2.81387E+14,2.42796E-05,0.00242796,,,,,,,
4100375016,2890873176,1.18539E+19,1.18537E+19,2.81496E+14,2.37476E-05,0.00237476,,,,,,,
948232305,3767772609,3.57301E+18,3.57272E+18,2.81478E+14,7.87853E-05,0.007878533,,,,,,,
4154599919,2950612831,1.22589E+19,1.22586E+19,2.816E+14,2.29716E-05,0.002297164,,,,,,,
3932679636,3867541453,1.52104E+19,1.52098E+19,5.62705E+14,3.69962E-05,0.003699622,,,,,,,
1685162696,3142469494,5.29557E+18,5.29557E+18,3986035712,7.52711E-10,7.52711E-08,,,,,,,
1000754807,2193920773,2.19558E+18,2.19558E+18,1.28252E+11,5.84139E-08,5.84139E-06,,,,,,,
1121865861,614806089,6.8973E+17,6.8973E+17,4541480704,6.58443E-09,6.58443E-07,,,,,,,
3985265627,2410297631,9.60596E+18,9.60568E+18,2.81484E+14,2.93039E-05,0.002930395,,,,,,,
3872827341,1708706507,6.61781E+18,6.61753E+18,2.81471E+14,4.25341E-05,0.004253412,,,,,,,
1501628083,1059425918,1.59086E+18,1.59086E+18,81686724864,5.13474E-08,5.13474E-06,,,,,,,
106527244,436733492,4.6524E+16,4.6524E+16,27733777056,5.96117E-07,5.96117E-05,,,,,,,
1176909452,1364521122,1.60592E+18,1.60592E+18,1725814784,1.07466E-09,1.07466E-07,,,,,,,
1617065664,2759304520,4.46198E+18,4.46198E+18,20178708480,4.52237E-09,4.52237E-07,,,,,,,
1796238038,4209146869,7.56063E+18,7.56063E+18,15648852992,2.06978E-09,2.06978E-07,,,,,,,
3767929281,2102272762,7.92122E+18,7.92122E+18,40291986432,5.08659E-09,5.08659E-07,,,,,,,
1868362462,3609201070,6.7433E+18,6.7433E+18,17086256128,2.53381E-09,2.53381E-07,,,,,,,
3954006999,3759126976,1.48639E+19,1.48636E+19,2.81902E+14,1.89659E-05,0.001896594,,,,,,,
4009483229,31667715,1.26971E+17,1.26971E+17,619145264,4.87627E-09,4.87627E-07,,,,,,,
1084381313,1473929903,1.5983E+18,1.5983E+18,1.02116E+11,6.38905E-08,6.38905E-06,,,,,,,
3535530917,891379306,3.1515E+18,3.1515E+18,79127336448,2.51078E-08,2.51078E-06,,,,,,,
2593894709,1700913354,4.41227E+18,4.41199E+18,2.81459E+14,6.37941E-05,0.006379408,,,,,,,
118928398,2253103372,2.67958E+17,2.67958E+17,4537420960,1.69333E-08,1.69333E-06,,,,,,,
4288204287,984329333,4.22129E+18,4.22101E+18,2.81449E+14,6.66783E-05,0.006667829,,,,,,,
1572634299,527094846,8.28927E+17,8.28927E+17,35716992,4.30882E-11,4.30882E-09,,,,,,,
1742592207,1217069201,2.12086E+18,2.12086E+18,5410926592,2.55129E-09,2.55129E-07,,,,,,,
635459659,268146719,1.70396E+17,1.70396E+17,62508091840,3.66839E-07,3.66839E-05,,,,,,,
706724436,433904691,3.06933E+17,3.06651E+17,2.81489E+14,0.000917944,0.091794431,,,,,,,
3343125902,294275107,9.83799E+17,9.83799E+17,17798212480,1.80913E-08,1.80913E-06,,,,,,,
1483749040,3095656817,4.59318E+18,4.59318E+18,1.34218E+11,2.92211E-08,2.92211E-06,,,,,,,
1812211928,3691971000,6.69063E+18,6.69063E+18,8475841536,1.26682E-09,1.26682E-07,,,,,,,
4192837107,2552550192,1.0703E+19,1.07024E+19,5.62984E+14,5.26034E-05,0.005260339,,,,,,,
2233726730,1711905996,3.82421E+18,3.82393E+18,2.81464E+14,7.36059E-05,0.007360589,,,,,,,
3441108378,3265374085,1.12368E+19,1.12365E+19,2.81576E+14,2.50591E-05,0.002505908,,,,,,,
3050931051,744339032,2.27093E+18,2.27093E+18,23432697344,1.03186E-08,1.03186E-06,,,,,,,
4281645566,3260445060,1.39604E+19,1.39601E+19,2.81473E+14,2.01627E-05,0.00201627,,,,,,,
1905892067,1575923387,3.00354E+18,3.00354E+18,40111104,1.33546E-11,1.33546E-09,,,,,,,
66258439,2249518348,1.4905E+17,1.4905E+17,6149898208,4.12608E-08,4.12608E-06,,,,,,,
1491323057,2264636685,3.3773E+18,3.3773E+18,34330184192,1.0165E-08,1.0165E-06,,,,,,,
2051766516,987796597,2.02673E+18,2.02673E+18,13909143808,6.86286E-09,6.86286E-07,,,,,,,
550394433,406544432,2.2376E+17,2.2376E+17,37181705920,1.66168E-07,1.66168E-05,,,,,,,
3386391955,3614091694,1.2239E+19,1.22387E+19,2.81136E+14,2.2971E-05,0.002297099,,,,,,,
2438093602,3854078923,9.39689E+18,9.39661E+18,2.81321E+14,2.99386E-05,0.00299386,,,,,,,
3842259914,3578667434,1.37505E+19,1.37502E+19,2.81492E+14,2.04719E-05,0.002047188,,,,,,,
3864499660,2037223666,7.87285E+18,7.87285E+18,57462466560,7.29881E-09,7.29881E-07,,,,,,,
1542923447,1410054824,2.17561E+18,2.17561E+18,2958336,1.35978E-12,1.35978E-10,,,,,,,
2676004671,3584063403,9.59125E+18,9.59097E+18,2.81547E+14,2.93554E-05,0.002935541,,,,,,,
2889965912,2714104643,7.84367E+18,7.84367E+18,3.32044E+11,4.23328E-08,4.23328E-06,,,,,,,
2327227157,50274309,1.17E+17,1.17E+17,19864138512,1.69779E-07,1.69779E-05,,,,,,,
2034769650,3854370251,7.84276E+18,7.84276E+18,311891968,3.97682E-11,3.97682E-09,,,,,,,
2507529514,2256218380,5.65753E+18,5.65753E+18,2864157696,5.06255E-10,5.06255E-08,,,,,,,
426854962,1753935057,7.48676E+17,7.48676E+17,437250176,5.84031E-10,5.84031E-08,,,,,,,
2967010145,2598760245,7.71083E+18,7.71055E+18,2.81288E+14,3.64809E-05,0.003648093,,,,,,,
2752482632,3055511404,8.41024E+18,8.41024E+18,38952834048,4.63159E-09,4.63159E-07,,,,,,,
3563425704,3394014100,1.20946E+19,1.20943E+19,2.81571E+14,2.32812E-05,0.002328125,,,,,,,
1812878552,2507927338,4.54657E+18,4.54657E+18,82934815232,1.82412E-08,1.82412E-06,,,,,,,
3952600535,1125375110,4.44844E+18,4.44816E+18,2.81431E+14,6.3269E-05,0.006326904,,,,,,,
2472398630,2452602660,6.06409E+18,6.06381E+18,2.81472E+14,4.64183E-05,0.004641829,,,,,,,
976161396,81034249,7.91025E+16,7.91025E+16,24828640704,3.13879E-07,3.13879E-05,,,,,,,
589227078,2475939623,1.45917E+18,1.45889E+18,2.81369E+14,0.000192865,0.019286482,,,,,,,
2201537798,3237398913,7.12754E+18,7.12726E+18,2.81271E+14,3.94642E-05,0.003946419,,,,,,,
3566158761,3183931259,1.13547E+19,1.13544E+19,2.81233E+14,2.47686E-05,0.00247686,,,,,,,
4275942397,185523222,7.93568E+17,7.93287E+17,2.81462E+14,0.000354805,0.03548048,,,,,,,
1991595245,2557052208,5.09261E+18,5.09261E+18,46818869248,9.19349E-09,9.19349E-07,,,,,,,
3941404117,888706153,3.50275E+18,3.50275E+18,40893498368,1.16747E-08,1.16747E-06,,,,,,,
2630633785,924439662,2.43186E+18,2.43186E+18,254989312,1.04854E-10,1.04854E-08,,,,,,,
1109976708,4071853029,4.51966E+18,4.51966E+18,2.24301E+11,4.96278E-08,4.96278E-06,,,,,,,
24119810,3752844223,9.05174E+16,9.05179E+16,4.89574E+11,5.40859E-06,0.000540859,,,,,,,
3864136140,2717851459,1.05024E+19,1.05021E+19,2.8146E+14,2.68002E-05,0.002680023,,,,,,,
3397993365,1782141140,6.0557E+18,6.0557E+18,1157896192,1.91208E-10,1.91208E-08,,,,,,,
1223951505,3518392739,4.30634E+18,4.30634E+18,1.13384E+11,2.63295E-08,2.63295E-06,,,,,,,
2583257907,1454749357,3.75799E+18,3.75799E+18,3218744320,8.56506E-10,8.56506E-08,,,,,,,
1592860861,1693206729,2.69704E+18,2.69704E+18,4474986496,1.65922E-09,1.65922E-07,,,,,,,
386306094,1418872489,5.48119E+17,5.48119E+17,43815159040,7.99373E-08,7.99373E-06,,,,,,,
1791913173,1841780443,3.30031E+18,3.30031E+18,3034345472,9.19412E-10,9.19412E-08,,,,,,,
1552399545,3085302639,4.7899E+18,4.78962E+18,2.81194E+14,5.8709E-05,0.005870904,,,,,,,
3921654739,2619207992,1.02722E+19,1.02716E+19,5.63299E+14,5.48403E-05,0.005484026,,,,,,,
2010157295,409833520,8.2383E+17,8.2383E+17,13686783488,1.66136E-08,1.66136E-06,,,,,,,
2943582558,3687986103,1.08562E+19,1.08559E+19,2.81475E+14,2.59283E-05,0.002592832,,,,,,,
3831331784,373785644,1.4321E+18,1.4321E+18,91465561088,6.38683E-08,6.38683E-06,,,,,,,
4238287353,2129524989,9.02554E+18,9.02554E+18,1.18842E+11,1.31673E-08,1.31673E-06,,,,,,,
2956961120,7344640,2.17178E+16,2.17178E+16,2814353700,1.29587E-07,1.29587E-05,,,,,,,
474652216,259972126,1.23678E+17,1.23396E+17,2.81486E+14,0.002281155,0.228115486,,,,,,,
3041459050,3640473521,1.10726E+19,1.10724E+19,2.81482E+14,2.54221E-05,0.002542209,,,,,,,
3554462119,2771533642,9.85159E+18,9.85131E+18,2.81442E+14,2.8569E-05,0.002856898,,,,,,,
318253605,4078611942,1.29803E+18,1.29803E+18,1.1618E+11,8.95048E-08,8.95048E-06,,,,,,,
2984716643,1521563317,4.54144E+18,4.54144E+18,84778375168,1.86677E-08,1.86677E-06,,,,,,,
3575947178,650506317,2.32646E+18,2.32618E+18,2.81474E+14,0.000121003,0.012100299,,,,,,,
129109007,1052550269,1.35894E+17,1.35894E+17,20891505872,1.53734E-07,1.53734E-05,,,,,,,
1936360166,1447705772,2.80328E+18,2.80328E+18,84864591872,3.02733E-08,3.02733E-06,,,,,,,
428375603,3708363194,1.58857E+18,1.58857E+18,12837725952,8.0813E-09,8.0813E-07,,,,,,,
2505491754,3246165890,8.13324E+18,8.13324E+18,44205850624,5.43521E-09,5.43521E-07,,,,,,,
3519302563,987433077,3.47508E+18,3.47508E+18,5850963456,1.68369E-09,1.68369E-07,,,,,,,
1196625550,1656202437,1.98185E+18,1.98185E+18,34157914624,1.72353E-08,1.72353E-06,,,,,,,
43646469,3814881734,1.66506E+17,1.66506E+17,31330520736,1.88164E-07,1.88164E-05,,,,,,,
2354171672,1368913571,3.22294E+18,3.22266E+18,2.8148E+14,8.73439E-05,0.008734394,,,,,,,
44360709,1607945407,7.13296E+16,7.13296E+16,347799560,4.87595E-09,4.87595E-07,,,,,,,
4164562928,3883385806,1.61729E+19,1.61726E+19,2.81294E+14,1.73933E-05,0.001739326,,,,,,,
808650848,928325230,7.50691E+17,7.50691E+17,26401785088,3.517E-08,3.517E-06,,,,,,,
3205766014,564855875,1.8108E+18,1.8108E+18,27959102208,1.54402E-08,1.54402E-06,,,,,,,
2807118158,1383550628,3.88379E+18,3.88379E+18,25996303360,6.69354E-09,6.69354E-07,,,,,,,
1693728969,2105243386,3.56571E+18,3.56571E+18,62461209088,1.75172E-08,1.75172E-06,,,,,,,
915865197,1588917437,1.45552E+18,1.45523E+18,2.81471E+14,0.00019342,0.01934195,,,,,,,
4205317109,1239718035,5.21341E+18,5.21341E+18,18152310784,3.48185E-09,3.48185E-07,,,,,,,
1588766909,2373775642,3.77166E+18,3.77138E+18,2.81352E+14,7.46019E-05,0.007460191,,,,,,,
2468455718,722444886,1.78332E+18,1.78332E+18,9694798080,5.43637E-09,5.43637E-07,,,,,,,
3904192465,3406945174,1.33017E+19,1.33014E+19,2.81961E+14,2.11979E-05,0.002119786,,,,,,,
1571028155,1267700887,1.99188E+18,1.99159E+18,2.8157E+14,0.000141379,0.014137927,,,,,,,
1595839166,1227231378,1.95846E+18,1.95846E+18,8056139264,4.1135E-09,4.1135E-07,,,,,,,
2427370785,2002593518,4.86104E+18,4.86104E+18,46927941632,9.6539E-09,9.6539E-07,,,,,,,
1974020843,4181176306,8.25373E+18,8.25373E+18,4.55171E+11,5.51473E-08,5.51473E-06,,,,,,,
296374819,479385145,1.42078E+17,1.42078E+17,1752405232,1.23341E-08,1.23341E-06,,,,,,,
735467095,1387040421,1.02012E+18,1.02012E+18,81425746944,7.98196E-08,7.98196E-06,,,,,,,
2236868874,3991462363,8.92866E+18,8.92838E+18,2.81069E+14,3.14804E-05,0.003148041,,,,,,,
909779564,2158907649,1.96413E+18,1.96413E+18,430895104,2.19382E-10,2.19382E-08,,,,,,,
887712361,2733719877,2.42676E+18,2.42676E+18,21726030336,8.9527E-09,8.9527E-07,,,,,,,
4203174389,3552989095,1.49341E+19,1.49338E+19,2.81507E+14,1.88503E-05,0.001885032,,,,,,,
4095051752,303280676,1.24195E+18,1.24195E+18,1788575488,1.44013E-09,1.44013E-07,,,,,,,
710640724,322544166,2.29213E+17,2.29213E+17,22584081184,9.85288E-08,9.85288E-06,,,,,,,
4087064551,2689184064,1.09912E+19,1.09909E+19,2.81477E+14,2.561E-05,0.002561003,,,,,,,
3368743825,170207764,5.73386E+17,5.73386E+17,1886096704,3.2894E-09,3.2894E-07,,,,,,,
751040601,3264904069,2.45208E+18,2.45208E+18,95611834368,3.89922E-08,3.89922E-06,,,,,,,
648851533,1817806040,1.17949E+18,1.17949E+18,82616309248,7.00443E-08,7.00443E-06,,,,,,,
3515311523,223807514,7.86753E+17,7.86753E+17,5972398208,7.5912E-09,7.5912E-07,,,,,,,
564561987,4009167325,2.26342E+18,2.26342E+18,4845424896,2.14075E-09,2.14075E-07,,,,,,,
3984301530,219552282,8.74763E+17,8.74762E+17,7596750592,8.68436E-09,8.68436E-07,,,,,,,
2985888099,818533473,2.44405E+18,2.44405E+18,316072448,1.29323E-10,1.29323E-08,,,,,,,
595527238,3849333194,2.29238E+18,2.29238E+18,3191558144,1.39224E-09,1.39224E-07,,,,,,,
2467003174,3462775708,8.54268E+18,8.54268E+18,1.56059E+11,1.82682E-08,1.82682E-06,,,,,,,
874828392,1903915234,1.6656E+18,1.6656E+18,78572606208,4.71738E-08,4.71738E-06,,,,,,,
2461526821,3187831676,7.84693E+18,7.84693E+18,39763158016,5.06735E-09,5.06735E-07,,,,,,,
3101748593,1644687044,5.10169E+18,5.10141E+18,2.81471E+14,5.51751E-05,0.005517512,,,,,,,
3545704358,3474407326,1.23195E+19,1.23192E+19,2.81475E+14,2.28485E-05,0.002284846,,,,,,,
1072954495,2509987115,2.6931E+18,2.6931E+18,33778888192,1.25427E-08,1.25427E-06,,,,,,,
210548761,3921101267,8.25583E+17,8.25583E+17,31777792,3.84913E-11,3.84913E-09,,,,,,,
3038212970,2787982156,8.47048E+18,8.47048E+18,33507773440,3.95583E-09,3.95583E-07,,,,,,,
2530406189,1772967635,4.48633E+18,4.48633E+18,3015656960,6.72188E-10,6.72188E-08,,,,,,,
3270081413,1755496657,5.74062E+18,5.74062E+18,6583933952,1.1469E-09,1.1469E-07,,,,,,,
3452359579,2975342434,1.02722E+19,1.0272E+19,2.81448E+14,2.73996E-05,0.002739962,,,,,,,
2568552242,3658149812,9.39671E+18,9.39615E+18,5.62631E+14,5.98789E-05,0.005987886,,,,,,,
355741738,3494244768,1.24305E+18,1.24305E+18,4.05346E+11,3.2609E-07,3.2609E-05,,,,,,,
1129425542,3063577965,3.46008E+18,3.46008E+18,1.31427E+11,3.79838E-08,3.79838E-06,,,,,,,
2363594521,3650153395,8.62776E+18,8.62748E+18,2.81495E+14,3.26278E-05,0.003262775,,,,,,,
2095573753,3060263276,6.41329E+18,6.41301E+18,2.81582E+14,4.39079E-05,0.00439079,,,,,,,
1058819710,1174070923,1.24313E+18,1.24313E+18,26373072128,2.12151E-08,2.12151E-06,,,,,,,
2906975578,736587351,2.14124E+18,2.14124E+18,13705915904,6.40092E-09,6.40092E-07,,,,,,,
1443128492,2110358779,3.04552E+18,3.04552E+18,91246008832,2.99607E-08,2.99607E-06,,,,,,,
2031262962,2150042368,4.3673E+18,4.3673E+18,3223245824,7.38041E-10,7.38041E-08,,,,,,,
2744690503,1717706444,4.71457E+18,4.71457E+18,16377021440,3.4737E-09,3.4737E-07,,,,,,,
338141736,3368712593,1.1391E+18,1.1391E+18,42081868544,3.6943E-08,3.6943E-06,,,,,,,
